region,site_name,lawa_site_id,indicator,year,mean_ugm3,days_measured,first_date,last_date,pct_coverage
Auckland,Glen Eden,LAWA-100059,PM10,2016,13.07917808219178,365,2016-01-01 00:00:00,2016-12-31 00:00:00,100.0
Auckland,Glen Eden,LAWA-100059,PM10,2017,12.222067039106145,358,2017-01-01 00:00:00,2017-12-31 00:00:00,98.1
Auckland,Glen Eden,LAWA-100059,PM10,2018,12.89876160990712,323,2018-01-01 00:00:00,2018-12-31 00:00:00,88.5
Auckland,Glen Eden,LAWA-100059,PM10,2019,13.521848739495798,357,2019-01-01 00:00:00,2019-12-31 00:00:00,97.8
Auckland,Glen Eden,LAWA-100059,PM10,2020,12.202486187845304,362,2020-01-01 00:00:00,2020-12-31 00:00:00,99.2
Auckland,Glen Eden,LAWA-100059,PM10,2021,11.706896551724139,348,2021-01-01 00:00:00,2021-12-31 00:00:00,95.3
Auckland,Glen Eden,LAWA-100059,PM10,2022,11.579395604395604,364,2022-01-01 00:00:00,2022-12-31 00:00:00,99.7
Auckland,Glen Eden,LAWA-100059,PM10,2023,11.920057142857145,350,2023-01-01 00:00:00,2023-12-31 00:00:00,95.9
Auckland,Glen Eden,LAWA-100059,PM10,2024,11.676388888888889,360,2024-01-01 00:00:00,2024-12-31 00:00:00,98.6
Auckland,Henderson,LAWA-100064,PM10,2016,12.972727272727274,363,2016-01-01 00:00:00,2016-12-31 00:00:00,99.5
Auckland,Henderson,LAWA-100064,PM10,2017,12.022413793103448,348,2017-01-01 00:00:00,2017-12-31 00:00:00,95.3
Auckland,Henderson,LAWA-100064,PM10,2018,12.893457943925235,321,2018-01-01 00:00:00,2018-12-31 00:00:00,87.9
Auckland,Henderson,LAWA-100064,PM10,2019,13.452209944751381,362,2019-01-01 00:00:00,2019-12-31 00:00:00,99.2
Auckland,Henderson,LAWA-100064,PM10,2020,11.304371584699453,366,2020-01-01 00:00:00,2020-12-31 00:00:00,100.3
Auckland,Henderson,LAWA-100064,PM10,2021,11.253389830508475,354,2021-01-01 00:00:00,2021-12-31 00:00:00,97.0
Auckland,Henderson,LAWA-100064,PM10,2022,11.014367816091953,348,2022-01-01 00:00:00,2022-12-31 00:00:00,95.3
Auckland,Henderson,LAWA-100064,PM10,2023,11.761883656509696,361,2023-01-01 00:00:00,2023-12-31 00:00:00,98.9
Auckland,Henderson,LAWA-100064,PM10,2024,11.938935574229692,357,2024-01-01 00:00:00,2024-12-31 00:00:00,97.8
Auckland,Pakuranga,LAWA-100103,PM10,2016,14.64214876033058,363,2016-01-01 00:00:00,2016-12-31 00:00:00,99.5
Auckland,Pakuranga,LAWA-100103,PM10,2017,12.864623955431753,359,2017-01-01 00:00:00,2017-12-31 00:00:00,98.4
Auckland,Pakuranga,LAWA-100103,PM10,2018,13.088732394366197,355,2018-01-01 00:00:00,2018-12-31 00:00:00,97.3
Auckland,Pakuranga,LAWA-100103,PM10,2019,13.704407713498622,363,2019-01-01 00:00:00,2019-12-31 00:00:00,99.5
Auckland,Pakuranga,LAWA-100103,PM10,2020,10.256043956043955,364,2020-01-01 00:00:00,2020-12-31 00:00:00,99.7
Auckland,Pakuranga,LAWA-100103,PM10,2021,11.176638176638177,351,2021-01-01 00:00:00,2021-12-31 00:00:00,96.2
Auckland,Pakuranga,LAWA-100103,PM10,2022,12.257458563535911,362,2022-01-01 00:00:00,2022-12-31 00:00:00,99.2
Auckland,Pakuranga,LAWA-100103,PM10,2023,12.459551532033426,359,2023-01-01 00:00:00,2023-12-31 00:00:00,98.4
Auckland,Pakuranga,LAWA-100103,PM10,2024,12.101983002832862,353,2024-01-01 00:00:00,2024-12-31 00:00:00,96.7
Auckland,Patumahoe,LAWA-100106,PM10,2016,11.804507042253523,355,2016-01-01 00:00:00,2016-12-31 00:00:00,97.3
Auckland,Patumahoe,LAWA-100106,PM10,2017,10.766096866096866,351,2017-01-01 00:00:00,2017-12-31 00:00:00,96.2
Auckland,Patumahoe,LAWA-100106,PM10,2018,12.643313953488372,344,2018-01-01 00:00:00,2018-12-31 00:00:00,94.2
Auckland,Patumahoe,LAWA-100106,PM10,2019,13.914161849710982,346,2019-01-01 00:00:00,2019-12-31 00:00:00,94.8
Auckland,Patumahoe,LAWA-100106,PM10,2020,12.182967032967033,364,2020-01-01 00:00:00,2020-12-31 00:00:00,99.7
Auckland,Patumahoe,LAWA-100106,PM10,2021,11.170674486803518,341,2021-01-01 00:00:00,2021-12-31 00:00:00,93.4
Auckland,Patumahoe,LAWA-100106,PM10,2022,10.970426829268293,328,2022-01-01 00:00:00,2022-12-31 00:00:00,89.9
Auckland,Patumahoe,LAWA-100106,PM10,2023,10.430293628808863,361,2023-01-01 00:00:00,2023-12-31 00:00:00,98.9
Auckland,Patumahoe,LAWA-100106,PM10,2024,10.372857142857143,350,2024-01-01 00:00:00,2024-12-31 00:00:00,95.9
Auckland,Patumahoe,LAWA-100106,PM2.5,2016,4.284375,352,2016-01-01 00:00:00,2016-12-31 00:00:00,96.4
Auckland,Patumahoe,LAWA-100106,PM2.5,2017,5.631358885017422,287,2017-01-01 00:00:00,2017-12-31 00:00:00,78.6
Auckland,Patumahoe,LAWA-100106,PM2.5,2018,4.889263803680982,326,2018-01-01 00:00:00,2018-12-31 00:00:00,89.3
Auckland,Patumahoe,LAWA-100106,PM2.5,2019,5.257594936708861,316,2019-01-02 00:00:00,2019-12-31 00:00:00,86.6
Auckland,Patumahoe,LAWA-100106,PM2.5,2020,4.525382262996942,327,2020-01-01 00:00:00,2020-12-31 00:00:00,89.6
Auckland,Patumahoe,LAWA-100106,PM2.5,2021,4.7115501519756835,329,2021-01-01 00:00:00,2021-12-31 00:00:00,90.1
Auckland,Patumahoe,LAWA-100106,PM2.5,2022,5.1,323,2022-01-01 00:00:00,2022-12-31 00:00:00,88.5
Auckland,Patumahoe,LAWA-100106,PM2.5,2023,5.151029411764705,340,2023-01-01 00:00:00,2023-12-31 00:00:00,93.2
Auckland,Patumahoe,LAWA-100106,PM2.5,2024,5.844510385756676,337,2024-01-01 00:00:00,2024-12-31 00:00:00,92.3
Auckland,Penrose,LAWA-100110,PM10,2016,16.03421052631579,342,2016-01-01 00:00:00,2016-12-31 00:00:00,93.7
Auckland,Penrose,LAWA-100110,PM10,2017,14.157060518731988,347,2017-01-01 00:00:00,2017-12-31 00:00:00,95.1
Auckland,Penrose,LAWA-100110,PM10,2018,14.932947976878614,346,2018-01-01 00:00:00,2018-12-31 00:00:00,94.8
Auckland,Penrose,LAWA-100110,PM10,2019,16.275714285714287,350,2019-01-01 00:00:00,2019-12-31 00:00:00,95.9
Auckland,Penrose,LAWA-100110,PM10,2020,13.858563535911603,362,2020-01-01 00:00:00,2020-12-31 00:00:00,99.2
Auckland,Penrose,LAWA-100110,PM10,2021,13.727350427350428,351,2021-01-01 00:00:00,2021-12-31 00:00:00,96.2
Auckland,Penrose,LAWA-100110,PM10,2022,13.878236914600551,363,2022-01-01 00:00:00,2022-12-31 00:00:00,99.5
Auckland,Penrose,LAWA-100110,PM10,2023,14.333955922865012,363,2023-01-01 00:00:00,2023-12-31 00:00:00,99.5
Auckland,Penrose,LAWA-100110,PM10,2024,19.664772727272727,352,2024-01-01 00:00:00,2024-12-31 00:00:00,96.4
Auckland,Penrose,LAWA-100110,PM2.5,2016,6.635103244837759,339,2016-01-01 00:00:00,2016-12-31 00:00:00,92.9
Auckland,Penrose,LAWA-100110,PM2.5,2017,6.5905555555555555,360,2017-01-01 00:00:00,2017-12-31 00:00:00,98.6
Auckland,Penrose,LAWA-100110,PM2.5,2018,6.922121212121213,330,2018-01-01 00:00:00,2018-12-31 00:00:00,90.4
Auckland,Penrose,LAWA-100110,PM2.5,2019,7.288856304985337,341,2019-01-01 00:00:00,2019-12-31 00:00:00,93.4
Auckland,Penrose,LAWA-100110,PM2.5,2020,5.682352941176471,289,2020-01-01 00:00:00,2020-12-31 00:00:00,79.2
Auckland,Penrose,LAWA-100110,PM2.5,2021,5.508734939759036,332,2021-01-01 00:00:00,2021-12-31 00:00:00,91.0
Auckland,Penrose,LAWA-100110,PM2.5,2022,5.203179190751445,346,2022-01-01 00:00:00,2022-12-31 00:00:00,94.8
Auckland,Penrose,LAWA-100110,PM2.5,2023,5.009934426229508,305,2023-01-01 00:00:00,2023-12-20 00:00:00,83.6
Auckland,Penrose,LAWA-100110,PM2.5,2024,7.9375,352,2024-01-01 00:00:00,2024-12-31 00:00:00,96.4
Auckland,Queen Street,LAWA-100113,PM10,2017,15.420000000000002,280,2017-03-04 00:00:00,2017-12-31 00:00:00,76.7
Auckland,Queen Street,LAWA-100113,PM10,2018,16.650877192982456,342,2018-01-01 00:00:00,2018-12-31 00:00:00,93.7
Auckland,Queen Street,LAWA-100113,PM10,2019,16.847058823529412,357,2019-01-01 00:00:00,2019-12-31 00:00:00,97.8
Auckland,Queen Street,LAWA-100113,PM10,2020,16.111428571428572,350,2020-01-01 00:00:00,2020-12-31 00:00:00,95.9
Auckland,Queen Street,LAWA-100113,PM10,2021,18.99095890410959,365,2021-01-01 00:00:00,2021-12-31 00:00:00,100.0
Auckland,Queen Street,LAWA-100113,PM10,2022,19.31534090909091,352,2022-01-01 00:00:00,2022-12-31 00:00:00,96.4
Auckland,Queen Street,LAWA-100113,PM10,2023,20.53343043478261,230,2023-01-01 00:00:00,2023-08-22 00:00:00,63.0
Auckland,Queen Street,LAWA-100113,PM2.5,2017,6.555900621118012,161,2017-07-01 00:00:00,2017-12-31 00:00:00,44.1
Auckland,Queen Street,LAWA-100113,PM2.5,2018,6.837426900584796,342,2018-01-01 00:00:00,2018-12-31 00:00:00,93.7
Auckland,Queen Street,LAWA-100113,PM2.5,2019,7.186554621848739,357,2019-01-01 00:00:00,2019-12-31 00:00:00,97.8
Auckland,Queen Street,LAWA-100113,PM2.5,2020,6.441999999999999,350,2020-01-01 00:00:00,2020-12-31 00:00:00,95.9
Auckland,Queen Street,LAWA-100113,PM2.5,2021,7.624931506849315,365,2021-01-01 00:00:00,2021-12-31 00:00:00,100.0
Auckland,Queen Street,LAWA-100113,PM2.5,2022,8.076704545454545,352,2022-01-01 00:00:00,2022-12-31 00:00:00,96.4
Auckland,Queen Street,LAWA-100113,PM2.5,2023,8.550343478260869,230,2023-01-01 00:00:00,2023-08-22 00:00:00,63.0
Auckland,Takapuna,LAWA-100124,PM10,2016,14.32443820224719,356,2016-01-01 00:00:00,2016-12-31 00:00:00,97.5
Auckland,Takapuna,LAWA-100124,PM10,2017,13.065325077399383,323,2017-01-01 00:00:00,2017-12-31 00:00:00,88.5
Auckland,Takapuna,LAWA-100124,PM10,2018,13.917127071823204,362,2018-01-01 00:00:00,2018-12-31 00:00:00,99.2
Auckland,Takapuna,LAWA-100124,PM10,2019,13.761602209944751,362,2019-01-01 00:00:00,2019-12-31 00:00:00,99.2
Auckland,Takapuna,LAWA-100124,PM10,2020,11.359726027397262,365,2020-01-01 00:00:00,2020-12-31 00:00:00,100.0
Auckland,Takapuna,LAWA-100124,PM10,2021,11.435694050991502,353,2021-01-01 00:00:00,2021-12-31 00:00:00,96.7
Auckland,Takapuna,LAWA-100124,PM10,2022,12.486740331491712,362,2022-01-01 00:00:00,2022-12-31 00:00:00,99.2
Auckland,Takapuna,LAWA-100124,PM10,2023,12.770395136778115,329,2023-01-01 00:00:00,2023-12-31 00:00:00,90.1
Auckland,Takapuna,LAWA-100124,PM10,2024,15.513736263736265,364,2024-01-01 00:00:00,2024-12-31 00:00:00,99.7
Auckland,Takapuna,LAWA-100124,PM2.5,2016,6.375988700564972,354,2016-01-01 00:00:00,2016-12-31 00:00:00,97.0
Auckland,Takapuna,LAWA-100124,PM2.5,2017,6.263763066202091,287,2017-01-01 00:00:00,2017-12-31 00:00:00,78.6
Auckland,Takapuna,LAWA-100124,PM2.5,2018,7.196646341463414,328,2018-01-01 00:00:00,2018-12-31 00:00:00,89.9
Auckland,Takapuna,LAWA-100124,PM2.5,2019,7.188154269972452,363,2019-01-01 00:00:00,2019-12-31 00:00:00,99.5
Auckland,Takapuna,LAWA-100124,PM2.5,2020,5.984419263456091,353,2020-01-01 00:00:00,2020-12-31 00:00:00,96.7
Auckland,Takapuna,LAWA-100124,PM2.5,2021,6.417307692307692,312,2021-01-01 00:00:00,2021-12-31 00:00:00,85.5
Auckland,Takapuna,LAWA-100124,PM2.5,2022,6.337988826815643,358,2022-01-01 00:00:00,2022-12-31 00:00:00,98.1
Auckland,Takapuna,LAWA-100124,PM2.5,2023,6.904917177914111,326,2023-01-01 00:00:00,2023-12-31 00:00:00,89.3
Auckland,Takapuna,LAWA-100124,PM2.5,2024,6.396716417910448,335,2024-01-01 00:00:00,2024-12-31 00:00:00,91.8
Bay of Plenty,Mount Maunganui at Bridge Marina Entrance,LAWA-103979 ,PM10,2024,11.875522727272728,88,2024-10-04 01:00:00,2024-12-31 01:00:00,24.1
Bay of Plenty,Mount Maunganui at Rail Yard South,LAWA-102810,PM10,2018,28.337575757575756,66,2018-10-27 01:00:00,2018-12-31 01:00:00,18.1
Bay of Plenty,Mount Maunganui at Rail Yard South,LAWA-102810,PM10,2019,30.504289325842695,356,2019-01-01 01:00:00,2019-12-31 01:00:00,97.5
Bay of Plenty,Mount Maunganui at Rail Yard South,LAWA-102810,PM10,2020,23.487441011235955,356,2020-01-01 01:00:00,2020-12-31 01:00:00,97.5
Bay of Plenty,Mount Maunganui at Rail Yard South,LAWA-102810,PM10,2021,24.416820728291317,357,2021-01-01 01:00:00,2021-12-31 01:00:00,97.8
Bay of Plenty,Mount Maunganui at Rail Yard South,LAWA-102810,PM10,2022,22.809222527472528,364,2022-01-01 01:00:00,2022-12-31 01:00:00,99.7
Bay of Plenty,Mount Maunganui at Rail Yard South,LAWA-102810,PM10,2023,21.673884615384615,26,2023-01-01 01:00:00,2023-01-26 01:00:00,7.1
Bay of Plenty,Mount Maunganui at Ranch Rd,LAWA-103977,PM10,2024,18.612733128834357,326,2024-02-03 01:00:00,2024-12-31 01:00:00,89.3
Bay of Plenty,Mount Maunganui at Ranch Rd,LAWA-103977,PM2.5,2024,5.5003,320,2024-02-03 01:00:00,2024-12-31 01:00:00,87.7
Bay of Plenty,Mount Maunganui at Rata St,LAWA-102812,PM10,2018,15.776944444444446,18,2018-12-14 01:00:00,2018-12-31 01:00:00,4.9
Bay of Plenty,Mount Maunganui at Rata St,LAWA-102812,PM10,2019,20.32412,350,2019-01-01 01:00:00,2019-12-31 01:00:00,95.9
Bay of Plenty,Mount Maunganui at Rata St,LAWA-102812,PM10,2020,17.981886111111113,360,2020-01-01 01:00:00,2020-12-31 01:00:00,98.6
Bay of Plenty,Mount Maunganui at Rata St,LAWA-102812,PM10,2021,19.280707988980716,363,2021-01-01 01:00:00,2021-12-31 01:00:00,99.5
Bay of Plenty,Mount Maunganui at Rata St,LAWA-102812,PM10,2022,21.13437912087912,364,2022-01-01 01:00:00,2022-12-31 01:00:00,99.7
Bay of Plenty,Mount Maunganui at Rata St,LAWA-102812,PM10,2023,19.66664109589041,365,2023-01-01 01:00:00,2023-12-31 01:00:00,100.0
Bay of Plenty,Mount Maunganui at Rata St,LAWA-102812,PM10,2024,17.91059943977591,357,2024-01-01 01:00:00,2024-12-31 01:00:00,97.8
Bay of Plenty,Mount Maunganui at Rata St,LAWA-102812,PM2.5,2024,5.996414634146341,123,2024-08-31 00:00:00,2024-12-31 01:00:00,33.7
Bay of Plenty,Mount Maunganui at Tauranga Bridge Marina,LAWA-102811,PM10,2018,14.40804054054054,148,2018-08-04 00:00:00,2018-12-30 01:00:00,40.5
Bay of Plenty,Mount Maunganui at Tauranga Bridge Marina,LAWA-102811,PM10,2019,16.081593837535014,357,2019-01-03 01:00:00,2019-12-31 01:00:00,97.8
Bay of Plenty,Mount Maunganui at Tauranga Bridge Marina,LAWA-102811,PM10,2020,14.372811965811966,351,2020-01-01 01:00:00,2020-12-31 01:00:00,96.2
Bay of Plenty,Mount Maunganui at Tauranga Bridge Marina,LAWA-102811,PM10,2021,14.566356741573033,356,2021-01-01 01:00:00,2021-12-31 01:00:00,97.5
Bay of Plenty,Mount Maunganui at Tauranga Bridge Marina,LAWA-102811,PM10,2022,14.715387283236995,346,2022-01-01 01:00:00,2022-12-31 01:00:00,94.8
Bay of Plenty,Mount Maunganui at Tauranga Bridge Marina,LAWA-102811,PM10,2023,13.835,351,2023-01-01 01:00:00,2023-12-31 01:00:00,96.2
Bay of Plenty,Mount Maunganui at Tauranga Bridge Marina,LAWA-102811,PM10,2024,12.545765957446807,141,2024-01-01 01:00:00,2024-05-22 00:00:00,38.6
Bay of Plenty,Mount Maunganui at Totara St,LAWA-102805,PM10,2018,24.446965034965036,143,2018-08-11 00:00:00,2018-12-31 01:00:00,39.2
Bay of Plenty,Mount Maunganui at Totara St,LAWA-102805,PM10,2019,24.83921270718232,362,2019-01-01 01:00:00,2019-12-31 01:00:00,99.2
Bay of Plenty,Mount Maunganui at Totara St,LAWA-102805,PM10,2020,20.812290410958905,365,2020-01-01 01:00:00,2020-12-31 01:00:00,100.0
Bay of Plenty,Mount Maunganui at Totara St,LAWA-102805,PM10,2021,21.390304109589042,365,2021-01-01 01:00:00,2021-12-31 01:00:00,100.0
Bay of Plenty,Mount Maunganui at Totara St,LAWA-102805,PM10,2022,22.20542307692308,364,2022-01-01 01:00:00,2022-12-31 01:00:00,99.7
Bay of Plenty,Mount Maunganui at Totara St,LAWA-102805,PM10,2023,20.887660377358493,212,2023-01-01 01:00:00,2023-07-31 00:00:00,58.1
Bay of Plenty,Mount Maunganui at Totara St,LAWA-102805,PM2.5,2018,7.707194244604316,139,2018-08-11 00:00:00,2018-12-31 01:00:00,38.1
Bay of Plenty,Mount Maunganui at Totara St,LAWA-102805,PM2.5,2019,7.952308605341246,337,2019-01-01 01:00:00,2019-12-31 01:00:00,92.3
Bay of Plenty,Mount Maunganui at Totara St,LAWA-102805,PM2.5,2020,6.202931506849316,365,2020-01-01 01:00:00,2020-12-31 01:00:00,100.0
Bay of Plenty,Mount Maunganui at Totara St,LAWA-102805,PM2.5,2021,6.269253443526171,363,2021-01-01 01:00:00,2021-12-30 01:00:00,99.5
Bay of Plenty,Mount Maunganui at Totara St,LAWA-102805,PM2.5,2022,6.397706948640484,331,2022-01-07 01:00:00,2022-12-31 01:00:00,90.7
Bay of Plenty,Mount Maunganui at Totara St,LAWA-102805,PM2.5,2023,5.618042452830189,212,2023-01-01 01:00:00,2023-07-31 00:00:00,58.1
Bay of Plenty,Mount Maunganui at Totara St Rail Crossing,LAWA-103978 ,PM10,2024,22.220892753623186,345,2024-01-20 01:00:00,2024-12-31 01:00:00,94.5
Bay of Plenty,Mount Maunganui at Whareroa Marae,LAWA-102806,PM10,2018,18.34812676056338,142,2018-08-11 00:00:00,2018-12-31 01:00:00,38.9
Bay of Plenty,Mount Maunganui at Whareroa Marae,LAWA-102806,PM10,2019,17.10308262108262,351,2019-01-01 01:00:00,2019-12-31 01:00:00,96.2
Bay of Plenty,Mount Maunganui at Whareroa Marae,LAWA-102806,PM10,2020,14.202896067415729,356,2020-01-01 01:00:00,2020-12-31 01:00:00,97.5
Bay of Plenty,Mount Maunganui at Whareroa Marae,LAWA-102806,PM10,2021,11.401783707865167,356,2021-01-01 01:00:00,2021-12-31 01:00:00,97.5
Bay of Plenty,Mount Maunganui at Whareroa Marae,LAWA-102806,PM10,2022,9.670220289855072,345,2022-01-01 01:00:00,2022-12-31 01:00:00,94.5
Bay of Plenty,Mount Maunganui at Whareroa Marae,LAWA-102806,PM10,2023,7.550588888888889,360,2023-01-01 01:00:00,2023-12-31 01:00:00,98.6
Bay of Plenty,Mount Maunganui at Whareroa Marae,LAWA-102806,PM10,2024,12.970635854341737,357,2024-01-01 01:00:00,2024-12-31 01:00:00,97.8
Bay of Plenty,Mount Maunganui at Whareroa Marae,LAWA-102806,PM2.5,2023,4.49075,48,2023-11-14 01:00:00,2023-12-31 01:00:00,13.2
Bay of Plenty,Mount Maunganui at Whareroa Marae,LAWA-102806,PM2.5,2024,4.787524861878453,362,2024-01-01 01:00:00,2024-12-31 01:00:00,99.2
Bay of Plenty,Rotorua at Edmund Rd,LAWA-100150,PM10,2016,15.092813186813187,182,2016-01-01 01:00:00,2016-12-31 01:00:00,49.9
Bay of Plenty,Rotorua at Edmund Rd,LAWA-100150,PM10,2017,16.645642857142857,364,2017-01-01 01:00:00,2017-12-31 01:00:00,99.7
Bay of Plenty,Rotorua at Edmund Rd,LAWA-100150,PM10,2018,13.755868804664722,343,2018-01-01 01:00:00,2018-12-31 01:00:00,94.0
Bay of Plenty,Rotorua at Edmund Rd,LAWA-100150,PM10,2019,13.971610644257703,357,2019-01-01 01:00:00,2019-12-31 01:00:00,97.8
Bay of Plenty,Rotorua at Edmund Rd,LAWA-100150,PM10,2020,12.192221590909092,352,2020-01-01 01:00:00,2020-12-31 01:00:00,96.4
Bay of Plenty,Rotorua at Edmund Rd,LAWA-100150,PM10,2021,11.063332417582417,364,2021-01-01 01:00:00,2021-12-31 01:00:00,99.7
Bay of Plenty,Rotorua at Edmund Rd,LAWA-100150,PM10,2022,10.607934131736528,334,2022-01-01 01:00:00,2022-12-31 01:00:00,91.5
Bay of Plenty,Rotorua at Edmund Rd,LAWA-100150,PM10,2023,9.703875,360,2023-01-01 01:00:00,2023-12-31 01:00:00,98.6
Bay of Plenty,Rotorua at Edmund Rd,LAWA-100150,PM10,2024,10.771880555555555,360,2024-01-01 01:00:00,2024-12-31 01:00:00,98.6
Bay of Plenty,Rotorua at Edmund Rd,LAWA-100150,PM2.5,2016,9.127860759493672,316,2016-01-01 01:00:00,2016-12-31 01:00:00,86.6
Bay of Plenty,Rotorua at Edmund Rd,LAWA-100150,PM2.5,2017,11.342910863509749,359,2017-01-01 01:00:00,2017-12-31 01:00:00,98.4
Bay of Plenty,Rotorua at Edmund Rd,LAWA-100150,PM2.5,2018,9.865060606060606,330,2018-01-01 01:00:00,2018-12-31 01:00:00,90.4
Bay of Plenty,Rotorua at Edmund Rd,LAWA-100150,PM2.5,2019,9.55566106442577,357,2019-01-01 01:00:00,2019-12-31 01:00:00,97.8
Bay of Plenty,Rotorua at Edmund Rd,LAWA-100150,PM2.5,2020,8.17630965909091,352,2020-01-01 01:00:00,2020-12-31 01:00:00,96.4
Bay of Plenty,Rotorua at Edmund Rd,LAWA-100150,PM2.5,2021,7.493373626373627,364,2021-01-01 01:00:00,2021-12-31 01:00:00,99.7
Bay of Plenty,Rotorua at Edmund Rd,LAWA-100150,PM2.5,2022,6.989955089820359,334,2022-01-01 01:00:00,2022-12-31 01:00:00,91.5
Bay of Plenty,Rotorua at Edmund Rd,LAWA-100150,PM2.5,2023,6.264413888888888,360,2023-01-01 01:00:00,2023-12-31 01:00:00,98.6
Bay of Plenty,Rotorua at Edmund Rd,LAWA-100150,PM2.5,2024,7.254266666666667,360,2024-01-01 01:00:00,2024-12-31 01:00:00,98.6
Bay of Plenty,Rotorua at Moses Rd,LAWA-103651 ,PM10,2018,14.88313358778626,262,2018-01-10 01:00:00,2018-12-31 01:00:00,71.8
Bay of Plenty,Rotorua at Moses Rd,LAWA-103651 ,PM10,2019,14.171100946372238,317,2019-01-01 01:00:00,2019-12-31 01:00:00,86.8
Bay of Plenty,Rotorua at Moses Rd,LAWA-103651 ,PM10,2020,14.849453124999998,192,2020-01-01 01:00:00,2020-12-31 01:00:00,52.6
Bay of Plenty,Rotorua at Moses Rd,LAWA-103651 ,PM10,2021,15.552360881542699,363,2021-01-01 01:00:00,2021-12-31 01:00:00,99.5
Bay of Plenty,Rotorua at Moses Rd,LAWA-103651 ,PM10,2022,14.520709039548024,354,2022-01-01 01:00:00,2022-12-31 01:00:00,97.0
Bay of Plenty,Rotorua at Moses Rd,LAWA-103651 ,PM10,2023,13.081526912181301,353,2023-01-01 01:00:00,2023-12-31 01:00:00,96.7
Bay of Plenty,Rotorua at Moses Rd,LAWA-103651 ,PM10,2024,13.87013924050633,316,2024-01-01 01:00:00,2024-12-31 01:00:00,86.6
Bay of Plenty,Rotorua at Moses Rd,LAWA-103651 ,PM2.5,2020,7.711311320754717,106,2020-09-17 00:00:00,2020-12-31 01:00:00,29.0
Bay of Plenty,Rotorua at Moses Rd,LAWA-103651 ,PM2.5,2021,7.739614958448754,361,2021-01-01 01:00:00,2021-12-31 01:00:00,98.9
Bay of Plenty,Rotorua at Moses Rd,LAWA-103651 ,PM2.5,2022,8.367857142857144,364,2022-01-01 01:00:00,2022-12-31 01:00:00,99.7
Bay of Plenty,Rotorua at Moses Rd,LAWA-103651 ,PM2.5,2023,8.855502747252746,364,2023-01-01 01:00:00,2023-12-31 01:00:00,99.7
Bay of Plenty,Rotorua at Moses Rd,LAWA-103651 ,PM2.5,2024,8.820429936305732,314,2024-01-01 01:00:00,2024-12-31 01:00:00,86.0
Bay of Plenty,Tauranga at Otumoetai,LAWA-100126,PM10,2016,10.193866883116883,308,2016-01-01 01:00:00,2016-12-31 01:00:00,84.4
Bay of Plenty,Tauranga at Otumoetai,LAWA-100126,PM10,2017,9.720974930362116,359,2017-01-01 01:00:00,2017-12-31 01:00:00,98.4
Bay of Plenty,Tauranga at Otumoetai,LAWA-100126,PM10,2018,10.704703832752614,287,2018-01-01 01:00:00,2018-12-31 01:00:00,78.6
Bay of Plenty,Tauranga at Otumoetai,LAWA-100126,PM10,2019,11.310125000000001,248,2019-04-17 00:00:00,2019-12-31 01:00:00,67.9
Bay of Plenty,Tauranga at Otumoetai,LAWA-100126,PM10,2020,10.392850282485876,354,2020-01-01 01:00:00,2020-12-31 01:00:00,97.0
Bay of Plenty,Tauranga at Otumoetai,LAWA-100126,PM10,2021,9.522560471976401,339,2021-01-01 01:00:00,2021-12-31 01:00:00,92.9
Bay of Plenty,Tauranga at Otumoetai,LAWA-100126,PM10,2022,12.278624242424241,330,2022-01-01 01:00:00,2022-12-31 01:00:00,90.4
Bay of Plenty,Tauranga at Otumoetai,LAWA-100126,PM10,2023,11.42744520547945,292,2023-01-01 01:00:00,2023-12-31 01:00:00,80.0
Bay of Plenty,Tauranga at Otumoetai,LAWA-100126,PM10,2024,10.159414364640885,362,2024-01-01 01:00:00,2024-12-31 01:00:00,99.2
Bay of Plenty,Tauranga at Sulphur Point,LAWA-102814,PM10,2018,13.100116279069766,129,2018-08-25 00:00:00,2018-12-31 01:00:00,35.3
Bay of Plenty,Tauranga at Sulphur Point,LAWA-102814,PM10,2019,13.811766483516484,364,2019-01-01 01:00:00,2019-12-31 01:00:00,99.7
Bay of Plenty,Tauranga at Sulphur Point,LAWA-102814,PM10,2020,12.792066666666667,360,2020-01-01 01:00:00,2020-12-31 01:00:00,98.6
Bay of Plenty,Tauranga at Sulphur Point,LAWA-102814,PM10,2021,13.482192837465565,363,2021-01-01 01:00:00,2021-12-31 01:00:00,99.5
Bay of Plenty,Tauranga at Sulphur Point,LAWA-102814,PM10,2022,13.544405555555555,360,2022-01-01 01:00:00,2022-12-31 01:00:00,98.6
Bay of Plenty,Whakatane at Kopeopeo,LAWA-100144,PM10,2017,13.261815789473683,228,2017-05-12 00:00:00,2017-12-31 01:00:00,62.5
Bay of Plenty,Whakatane at Kopeopeo,LAWA-100144,PM10,2018,12.414504373177843,343,2018-01-01 01:00:00,2018-12-31 01:00:00,94.0
Bay of Plenty,Whakatane at Kopeopeo,LAWA-100144,PM10,2019,12.074417127071824,362,2019-01-01 01:00:00,2019-12-31 01:00:00,99.2
Bay of Plenty,Whakatane at Kopeopeo,LAWA-100144,PM10,2020,12.72828611111111,360,2020-01-01 01:00:00,2020-12-31 01:00:00,98.6
Bay of Plenty,Whakatane at Kopeopeo,LAWA-100144,PM10,2021,12.062712290502793,358,2021-01-01 01:00:00,2021-12-31 01:00:00,98.1
Bay of Plenty,Whakatane at Kopeopeo,LAWA-100144,PM10,2022,10.722761061946903,339,2022-01-01 01:00:00,2022-12-31 01:00:00,92.9
Bay of Plenty,Whakatane at Kopeopeo,LAWA-100144,PM10,2023,11.481845505617978,356,2023-01-01 01:00:00,2023-12-31 01:00:00,97.5
Bay of Plenty,Whakatane at Kopeopeo,LAWA-100144,PM10,2024,10.890193370165745,362,2024-01-01 01:00:00,2024-12-31 01:00:00,99.2
Canterbury,Anzac Square,LAWA-100164,PM10,2016,23.439680327868853,366,2016-01-01 01:00:00,2016-12-31 01:00:00,100.3
Canterbury,Anzac Square,LAWA-100164,PM10,2017,22.001523287671233,365,2017-01-01 01:00:00,2017-12-31 01:00:00,100.0
Canterbury,Anzac Square,LAWA-100164,PM10,2018,20.16645479452055,365,2018-01-01 01:00:00,2018-12-31 01:00:00,100.0
Canterbury,Anzac Square,LAWA-100164,PM10,2019,20.62430684931507,365,2019-01-01 01:00:00,2019-12-31 01:00:00,100.0
Canterbury,Anzac Square,LAWA-100164,PM10,2020,23.660437158469943,366,2020-01-01 01:00:00,2020-12-31 01:00:00,100.3
Canterbury,Anzac Square,LAWA-100164,PM10,2021,20.06191506849315,365,2021-01-01 01:00:00,2021-12-31 01:00:00,100.0
Canterbury,Anzac Square,LAWA-100164,PM10,2022,19.266464285714285,364,2022-01-01 01:00:00,2022-12-31 01:00:00,99.7
Canterbury,Anzac Square,LAWA-100164,PM10,2023,18.729190082644628,363,2023-01-01 01:00:00,2023-12-31 01:00:00,99.5
Canterbury,Anzac Square,LAWA-100164,PM10,2024,18.436409340659342,364,2024-01-01 01:00:00,2024-12-31 01:00:00,99.7
Canterbury,Anzac Square,LAWA-100164,PM2.5,2016,12.785720547945207,365,2016-01-01 01:00:00,2016-12-31 01:00:00,100.0
Canterbury,Anzac Square,LAWA-100164,PM2.5,2017,11.85474794520548,365,2017-01-01 01:00:00,2017-12-31 01:00:00,100.0
Canterbury,Anzac Square,LAWA-100164,PM2.5,2018,11.085917582417583,364,2018-01-01 01:00:00,2018-12-31 01:00:00,99.7
Canterbury,Anzac Square,LAWA-100164,PM2.5,2019,10.550835616438356,365,2019-01-01 01:00:00,2019-12-31 01:00:00,100.0
Canterbury,Anzac Square,LAWA-100164,PM2.5,2020,9.999593314763231,359,2020-01-01 01:00:00,2020-12-31 01:00:00,98.4
Canterbury,Anzac Square,LAWA-100164,PM2.5,2021,11.149580821917809,365,2021-01-01 01:00:00,2021-12-31 01:00:00,100.0
Canterbury,Anzac Square,LAWA-100164,PM2.5,2022,10.394085164835165,364,2022-01-01 01:00:00,2022-12-31 01:00:00,99.7
Canterbury,Anzac Square,LAWA-100164,PM2.5,2023,10.126763085399448,363,2023-01-01 01:00:00,2023-12-31 01:00:00,99.5
Canterbury,Anzac Square,LAWA-100164,PM2.5,2024,10.498697802197801,364,2024-01-01 01:00:00,2024-12-31 01:00:00,99.7
Canterbury,Geraldine,LAWA-100056,PM10,2016,17.394085399449036,363,2016-01-01 01:00:00,2016-12-31 01:00:00,99.5
Canterbury,Geraldine,LAWA-100056,PM10,2017,18.247019178082194,365,2017-01-01 01:00:00,2017-12-31 01:00:00,100.0
Canterbury,Geraldine,LAWA-100056,PM10,2018,16.120870523415977,363,2018-01-01 01:00:00,2018-12-31 01:00:00,99.5
Canterbury,Geraldine,LAWA-100056,PM10,2019,16.24780112044818,357,2019-01-01 01:00:00,2019-12-31 01:00:00,97.8
Canterbury,Geraldine,LAWA-100056,PM10,2020,16.35286575342466,365,2020-01-01 01:00:00,2020-12-31 01:00:00,100.0
Canterbury,Geraldine,LAWA-100056,PM10,2021,14.232339031339032,351,2021-01-01 01:00:00,2021-12-31 01:00:00,96.2
Canterbury,Geraldine,LAWA-100056,PM10,2022,13.740676712328767,365,2022-01-01 01:00:00,2022-12-31 01:00:00,100.0
Canterbury,Geraldine,LAWA-100056,PM10,2023,15.219252747252748,364,2023-01-01 01:00:00,2023-12-31 01:00:00,99.7
Canterbury,Geraldine,LAWA-100056,PM10,2024,15.894227777777777,360,2024-01-01 01:00:00,2024-12-31 01:00:00,98.6
Canterbury,Geraldine,LAWA-100056,PM2.5,2016,10.588920634920633,315,2016-02-19 01:00:00,2016-12-31 01:00:00,86.3
Canterbury,Geraldine,LAWA-100056,PM2.5,2017,10.65345205479452,365,2017-01-01 01:00:00,2017-12-31 01:00:00,100.0
Canterbury,Geraldine,LAWA-100056,PM2.5,2018,9.677553719008266,363,2018-01-01 01:00:00,2018-12-31 01:00:00,99.5
Canterbury,Geraldine,LAWA-100056,PM2.5,2019,9.445859943977592,357,2019-01-01 01:00:00,2019-12-31 01:00:00,97.8
Canterbury,Geraldine,LAWA-100056,PM2.5,2020,9.302709589041095,365,2020-01-01 01:00:00,2020-12-31 01:00:00,100.0
Canterbury,Geraldine,LAWA-100056,PM2.5,2021,8.496226519337016,362,2021-01-01 01:00:00,2021-12-31 01:00:00,99.2
Canterbury,Geraldine,LAWA-100056,PM2.5,2022,7.789441095890411,365,2022-01-01 01:00:00,2022-12-31 01:00:00,100.0
Canterbury,Geraldine,LAWA-100056,PM2.5,2023,8.11192032967033,364,2023-01-01 01:00:00,2023-12-31 01:00:00,99.7
Canterbury,Geraldine,LAWA-100056,PM2.5,2024,8.528411111111112,360,2024-01-01 01:00:00,2024-12-31 01:00:00,98.6
Canterbury,Hampstead,LAWA-100025,PM10,2016,17.531063186813185,364,2016-01-01 01:00:00,2016-12-31 01:00:00,99.7
Canterbury,Hampstead,LAWA-100025,PM10,2017,17.330835616438357,365,2017-01-01 01:00:00,2017-12-31 01:00:00,100.0
Canterbury,Hampstead,LAWA-100025,PM10,2018,16.012723287671232,365,2018-01-01 01:00:00,2018-12-31 01:00:00,100.0
Canterbury,Hampstead,LAWA-100025,PM10,2019,16.861287671232876,365,2019-01-01 01:00:00,2019-12-31 01:00:00,100.0
Canterbury,Hampstead,LAWA-100025,PM10,2020,16.058281420765027,366,2020-01-01 01:00:00,2020-12-31 01:00:00,100.3
Canterbury,Hampstead,LAWA-100025,PM10,2021,14.83768493150685,365,2021-01-01 01:00:00,2021-12-31 01:00:00,100.0
Canterbury,Hampstead,LAWA-100025,PM10,2022,14.928416438356166,365,2022-01-01 01:00:00,2022-12-31 01:00:00,100.0
Canterbury,Hampstead,LAWA-100025,PM10,2023,14.297024657534246,365,2023-01-01 01:00:00,2023-12-31 01:00:00,100.0
Canterbury,Hampstead,LAWA-100025,PM10,2024,15.308795081967213,366,2024-01-01 01:00:00,2024-12-31 01:00:00,100.3
Canterbury,Hampstead,LAWA-100025,PM2.5,2016,10.064352112676056,355,2016-01-01 01:00:00,2016-12-31 01:00:00,97.3
Canterbury,Hampstead,LAWA-100025,PM2.5,2017,9.439941340782122,358,2017-01-01 01:00:00,2017-12-31 01:00:00,98.1
Canterbury,Hampstead,LAWA-100025,PM2.5,2018,8.957090410958905,365,2018-01-01 01:00:00,2018-12-31 01:00:00,100.0
Canterbury,Hampstead,LAWA-100025,PM2.5,2019,9.07847397260274,365,2019-01-01 01:00:00,2019-12-31 01:00:00,100.0
Canterbury,Hampstead,LAWA-100025,PM2.5,2020,8.839336065573772,366,2020-01-01 01:00:00,2020-12-31 01:00:00,100.3
Canterbury,Hampstead,LAWA-100025,PM2.5,2021,7.220764383561645,365,2021-01-01 01:00:00,2021-12-31 01:00:00,100.0
Canterbury,Hampstead,LAWA-100025,PM2.5,2022,8.1338,365,2022-01-01 01:00:00,2022-12-31 01:00:00,100.0
Canterbury,Hampstead,LAWA-100025,PM2.5,2023,7.62632602739726,365,2023-01-01 01:00:00,2023-12-31 01:00:00,100.0
Canterbury,Hampstead,LAWA-100025,PM2.5,2024,8.213732240437158,366,2024-01-01 01:00:00,2024-12-31 01:00:00,100.3
Canterbury,Kaiapoi,LAWA-100071,PM10,2016,18.352797783933518,361,2016-01-01 01:00:00,2016-12-31 01:00:00,98.9
Canterbury,Kaiapoi,LAWA-100071,PM10,2017,18.696928374655645,363,2017-01-01 01:00:00,2017-12-31 01:00:00,99.5
Canterbury,Kaiapoi,LAWA-100071,PM10,2018,16.675880222841226,359,2018-01-01 01:00:00,2018-12-31 01:00:00,98.4
Canterbury,Kaiapoi,LAWA-100071,PM10,2019,17.58361095890411,365,2019-01-01 01:00:00,2019-12-31 01:00:00,100.0
Canterbury,Kaiapoi,LAWA-100071,PM10,2020,16.351689552238806,335,2020-01-01 01:00:00,2020-12-31 01:00:00,91.8
Canterbury,Kaiapoi,LAWA-100071,PM10,2021,16.234546703296704,364,2021-01-01 01:00:00,2021-12-31 01:00:00,99.7
Canterbury,Kaiapoi,LAWA-100071,PM10,2022,16.984564383561644,365,2022-01-01 01:00:00,2022-12-31 01:00:00,100.0
Canterbury,Kaiapoi,LAWA-100071,PM10,2023,15.882848066298344,362,2023-01-01 01:00:00,2023-12-31 01:00:00,99.2
Canterbury,Kaiapoi,LAWA-100071,PM10,2024,17.42660382513661,366,2024-01-01 01:00:00,2024-12-31 01:00:00,100.3
Canterbury,Kaiapoi,LAWA-100071,PM2.5,2016,6.195213675213675,117,2016-09-04 00:00:00,2016-12-31 01:00:00,32.1
Canterbury,Kaiapoi,LAWA-100071,PM2.5,2017,12.037817174515235,361,2017-01-01 01:00:00,2017-12-31 01:00:00,98.9
Canterbury,Kaiapoi,LAWA-100071,PM2.5,2018,10.018662049861495,361,2018-01-01 01:00:00,2018-12-31 01:00:00,98.9
Canterbury,Kaiapoi,LAWA-100071,PM2.5,2019,10.641142465753424,365,2019-01-01 01:00:00,2019-12-31 01:00:00,100.0
Canterbury,Kaiapoi,LAWA-100071,PM2.5,2020,9.454175595238095,336,2020-01-01 01:00:00,2020-12-31 01:00:00,92.1
Canterbury,Kaiapoi,LAWA-100071,PM2.5,2021,9.76607967032967,364,2021-01-01 01:00:00,2021-12-31 01:00:00,99.7
Canterbury,Kaiapoi,LAWA-100071,PM2.5,2022,10.602246575342466,365,2022-01-01 01:00:00,2022-12-31 01:00:00,100.0
Canterbury,Kaiapoi,LAWA-100071,PM2.5,2023,10.044447513812155,362,2023-01-01 01:00:00,2023-12-31 01:00:00,99.2
Canterbury,Kaiapoi,LAWA-100071,PM2.5,2024,11.187554644808744,366,2024-01-01 01:00:00,2024-12-31 01:00:00,100.3
Canterbury,Rangiora,LAWA-100115,PM10,2016,17.68066391184573,363,2016-01-01 01:00:00,2016-12-31 01:00:00,99.5
Canterbury,Rangiora,LAWA-100115,PM10,2017,17.16198082191781,365,2017-01-01 01:00:00,2017-12-31 01:00:00,100.0
Canterbury,Rangiora,LAWA-100115,PM10,2018,15.517263736263736,364,2018-01-01 01:00:00,2018-12-31 01:00:00,99.7
Canterbury,Rangiora,LAWA-100115,PM10,2019,16.31568870523416,363,2019-01-01 01:00:00,2019-12-31 01:00:00,99.5
Canterbury,Rangiora,LAWA-100115,PM10,2020,16.49505089820359,334,2020-01-01 01:00:00,2020-12-31 01:00:00,91.5
Canterbury,Rangiora,LAWA-100115,PM10,2021,14.121709589041096,365,2021-01-01 01:00:00,2021-12-31 01:00:00,100.0
Canterbury,Rangiora,LAWA-100115,PM10,2022,13.343178082191782,365,2022-01-01 01:00:00,2022-12-31 01:00:00,100.0
Canterbury,Rangiora,LAWA-100115,PM10,2023,12.895824657534245,365,2023-01-01 01:00:00,2023-12-31 01:00:00,100.0
Canterbury,Rangiora,LAWA-100115,PM10,2024,14.705213114754098,366,2024-01-01 01:00:00,2024-12-31 01:00:00,100.3
Canterbury,Rangiora,LAWA-100115,PM2.5,2016,9.392688705234159,363,2016-01-01 01:00:00,2016-12-31 01:00:00,99.5
Canterbury,Rangiora,LAWA-100115,PM2.5,2017,9.544063037249284,349,2017-01-01 01:00:00,2017-12-31 01:00:00,95.6
Canterbury,Rangiora,LAWA-100115,PM2.5,2018,7.436094555873926,349,2018-01-01 01:00:00,2018-12-31 01:00:00,95.6
Canterbury,Rangiora,LAWA-100115,PM2.5,2019,9.045186046511628,344,2019-01-01 01:00:00,2019-12-31 01:00:00,94.2
Canterbury,Rangiora,LAWA-100115,PM2.5,2020,10.057796407185629,334,2020-01-01 01:00:00,2020-12-31 01:00:00,91.5
Canterbury,Rangiora,LAWA-100115,PM2.5,2021,8.609394520547946,365,2021-01-01 01:00:00,2021-12-31 01:00:00,100.0
Canterbury,Rangiora,LAWA-100115,PM2.5,2022,8.73193698630137,365,2022-01-01 01:00:00,2022-12-31 01:00:00,100.0
Canterbury,Rangiora,LAWA-100115,PM2.5,2023,8.117065753424656,365,2023-01-01 01:00:00,2023-12-31 01:00:00,100.0
Canterbury,Rangiora,LAWA-100115,PM2.5,2024,9.064081967213115,366,2024-01-01 01:00:00,2024-12-31 01:00:00,100.3
Canterbury,St Albans,LAWA-100122,PM10,2016,18.11095901639344,366,2016-01-01 01:00:00,2016-12-31 01:00:00,100.3
Canterbury,St Albans,LAWA-100122,PM10,2017,18.093950684931507,365,2017-01-01 01:00:00,2017-12-31 01:00:00,100.0
Canterbury,St Albans,LAWA-100122,PM10,2018,17.451657534246575,365,2018-01-01 01:00:00,2018-12-31 01:00:00,100.0
Canterbury,St Albans,LAWA-100122,PM10,2019,16.317605479452055,365,2019-01-01 01:00:00,2019-12-31 01:00:00,100.0
Canterbury,St Albans,LAWA-100122,PM10,2020,17.08416875,320,2020-01-01 01:00:00,2020-11-17 01:00:00,87.7
Canterbury,St Albans,LAWA-100122,PM2.5,2016,9.719140109890109,364,2016-01-01 01:00:00,2016-12-31 01:00:00,99.7
Canterbury,St Albans,LAWA-100122,PM2.5,2017,9.356521246458923,353,2017-01-01 01:00:00,2017-12-31 01:00:00,96.7
Canterbury,St Albans,LAWA-100122,PM2.5,2018,8.113171919770773,349,2018-01-01 01:00:00,2018-12-31 01:00:00,95.6
Canterbury,St Albans,LAWA-100122,PM2.5,2019,9.065517906336089,363,2019-01-01 01:00:00,2019-12-31 01:00:00,99.5
Canterbury,St Albans,LAWA-100122,PM2.5,2020,8.842281250000001,320,2020-01-01 01:00:00,2020-11-17 01:00:00,87.7
Canterbury,St Albans EP,LAWA-102877,PM10,2021,7.862275862068966,29,2021-12-03 01:00:00,2021-12-31 01:00:00,7.9
Canterbury,St Albans EP,LAWA-102877,PM10,2022,13.670454794520548,365,2022-01-01 01:00:00,2022-12-31 01:00:00,100.0
Canterbury,St Albans EP,LAWA-102877,PM10,2023,13.552011173184358,358,2023-01-01 01:00:00,2023-12-31 01:00:00,98.1
Canterbury,St Albans EP,LAWA-102877,PM10,2024,13.83214404432133,361,2024-01-01 01:00:00,2024-12-31 01:00:00,98.9
Canterbury,St Albans EP,LAWA-102877,PM2.5,2021,3.5019655172413793,29,2021-12-03 01:00:00,2021-12-31 01:00:00,7.9
Canterbury,St Albans EP,LAWA-102877,PM2.5,2022,8.205586301369864,365,2022-01-01 01:00:00,2022-12-31 01:00:00,100.0
Canterbury,St Albans EP,LAWA-102877,PM2.5,2023,8.011667597765364,358,2023-01-01 01:00:00,2023-12-31 01:00:00,98.1
Canterbury,St Albans EP,LAWA-102877,PM2.5,2024,8.537683195592287,363,2024-01-01 01:00:00,2024-12-31 01:00:00,99.5
Canterbury,Waimate Kennedy,LAWA-100159,PM10,2016,16.868039215686274,357,2016-01-01 01:00:00,2016-12-31 01:00:00,97.8
Canterbury,Waimate Kennedy,LAWA-100159,PM10,2017,16.12448732394366,355,2017-01-01 01:00:00,2017-12-27 01:00:00,97.3
Canterbury,Waimate Kennedy,LAWA-100159,PM10,2018,13.924463276836159,354,2018-01-01 01:00:00,2018-12-31 01:00:00,97.0
Canterbury,Waimate Kennedy,LAWA-100159,PM10,2019,15.058261111111111,360,2019-01-01 01:00:00,2019-12-31 01:00:00,98.6
Canterbury,Waimate Kennedy,LAWA-100159,PM10,2020,15.120795081967215,366,2020-01-01 01:00:00,2020-12-31 01:00:00,100.3
Canterbury,Waimate Kennedy,LAWA-100159,PM10,2021,13.661967123287672,365,2021-01-01 01:00:00,2021-12-31 01:00:00,100.0
Canterbury,Waimate Kennedy,LAWA-100159,PM10,2022,13.858306849315069,365,2022-01-01 01:00:00,2022-12-31 01:00:00,100.0
Canterbury,Waimate Kennedy,LAWA-100159,PM10,2023,15.906139726027398,365,2023-01-01 01:00:00,2023-12-31 01:00:00,100.0
Canterbury,Waimate Kennedy,LAWA-100159,PM10,2024,15.408792349726777,366,2024-01-01 01:00:00,2024-12-31 01:00:00,100.3
Canterbury,Waimate Kennedy,LAWA-100159,PM2.5,2016,9.777823033707866,356,2016-01-01 01:00:00,2016-12-31 01:00:00,97.5
Canterbury,Waimate Kennedy,LAWA-100159,PM2.5,2017,9.255282122905028,358,2017-01-01 01:00:00,2017-12-27 01:00:00,98.1
Canterbury,Waimate Kennedy,LAWA-100159,PM2.5,2018,7.742083798882682,358,2018-01-01 01:00:00,2018-12-31 01:00:00,98.1
Canterbury,Waimate Kennedy,LAWA-100159,PM2.5,2019,8.560556164383561,365,2019-01-01 01:00:00,2019-12-31 01:00:00,100.0
Canterbury,Waimate Kennedy,LAWA-100159,PM2.5,2020,8.544601092896174,366,2020-01-01 01:00:00,2020-12-31 01:00:00,100.3
Canterbury,Waimate Kennedy,LAWA-100159,PM2.5,2021,7.537868493150685,365,2021-01-01 01:00:00,2021-12-31 01:00:00,100.0
Canterbury,Waimate Kennedy,LAWA-100159,PM2.5,2022,7.483446575342466,365,2022-01-01 01:00:00,2022-12-31 01:00:00,100.0
Canterbury,Waimate Kennedy,LAWA-100159,PM2.5,2023,8.707098630136986,365,2023-01-01 01:00:00,2023-12-31 01:00:00,100.0
Canterbury,Waimate Kennedy,LAWA-100159,PM2.5,2024,8.48348087431694,366,2024-01-01 01:00:00,2024-12-31 01:00:00,100.3
Canterbury,Washdyke Alpine,LAWA-102266,PM10,2019,25.43300352112676,284,2019-03-19 01:00:00,2019-12-31 01:00:00,77.8
Canterbury,Washdyke Alpine,LAWA-102266,PM10,2020,24.792581967213113,366,2020-01-01 01:00:00,2020-12-31 01:00:00,100.3
Canterbury,Washdyke Alpine,LAWA-102266,PM10,2021,26.486958217270193,359,2021-01-01 01:00:00,2021-12-31 01:00:00,98.4
Canterbury,Washdyke Alpine,LAWA-102266,PM10,2022,27.03793681318681,364,2022-01-01 01:00:00,2022-12-31 01:00:00,99.7
Canterbury,Washdyke Alpine,LAWA-102266,PM10,2023,27.12688493150685,365,2023-01-01 01:00:00,2023-12-31 01:00:00,100.0
Canterbury,Washdyke Alpine,LAWA-102266,PM10,2024,25.278926229508194,366,2024-01-01 01:00:00,2024-12-31 01:00:00,100.3
Canterbury,Washdyke Alpine,LAWA-102266,PM2.5,2019,7.361614583333333,288,2019-03-19 01:00:00,2019-12-31 01:00:00,78.9
Canterbury,Washdyke Alpine,LAWA-102266,PM2.5,2020,6.841909836065574,366,2020-01-01 01:00:00,2020-12-31 01:00:00,100.3
Canterbury,Washdyke Alpine,LAWA-102266,PM2.5,2021,8.32958217270195,359,2021-01-01 01:00:00,2021-12-31 01:00:00,98.4
Canterbury,Washdyke Alpine,LAWA-102266,PM2.5,2022,8.223085164835165,364,2022-01-01 01:00:00,2022-12-31 01:00:00,99.7
Canterbury,Washdyke Alpine,LAWA-102266,PM2.5,2023,7.992449315068494,365,2023-01-01 01:00:00,2023-12-31 01:00:00,100.0
Canterbury,Washdyke Alpine,LAWA-102266,PM2.5,2024,7.524967213114754,366,2024-01-01 01:00:00,2024-12-31 01:00:00,100.3
Canterbury,Woolston,LAWA-100146,PM10,2016,19.940199453551912,366,2016-01-01 01:00:00,2016-12-31 01:00:00,100.3
Canterbury,Woolston,LAWA-100146,PM10,2017,18.073274238227146,361,2017-01-01 01:00:00,2017-12-31 01:00:00,98.9
Canterbury,Woolston,LAWA-100146,PM10,2018,17.34567397260274,365,2018-01-01 01:00:00,2018-12-31 01:00:00,100.0
Canterbury,Woolston,LAWA-100146,PM10,2019,18.217098630136988,365,2019-01-01 01:00:00,2019-12-31 01:00:00,100.0
Canterbury,Woolston,LAWA-100146,PM10,2020,18.27861369863014,365,2020-01-01 01:00:00,2020-12-31 01:00:00,100.0
Canterbury,Woolston,LAWA-100146,PM10,2021,16.40649315068493,365,2021-01-01 01:00:00,2021-12-31 01:00:00,100.0
Canterbury,Woolston,LAWA-100146,PM10,2022,15.880593922651933,362,2022-01-01 01:00:00,2022-12-31 01:00:00,99.2
Canterbury,Woolston,LAWA-100146,PM10,2023,14.767021917808218,365,2023-01-01 01:00:00,2023-12-31 01:00:00,100.0
Canterbury,Woolston,LAWA-100146,PM10,2024,14.851223756906077,362,2024-01-01 01:00:00,2024-12-31 01:00:00,99.2
Canterbury,Woolston,LAWA-100146,PM2.5,2016,7.690262857142858,350,2016-01-01 01:00:00,2016-12-31 01:00:00,95.9
Canterbury,Woolston,LAWA-100146,PM2.5,2017,7.350653631284916,358,2017-01-01 01:00:00,2017-12-31 01:00:00,98.1
Canterbury,Woolston,LAWA-100146,PM2.5,2018,6.814676712328767,365,2018-01-01 01:00:00,2018-12-31 01:00:00,100.0
Canterbury,Woolston,LAWA-100146,PM2.5,2019,7.183635616438356,365,2019-01-01 01:00:00,2019-12-31 01:00:00,100.0
Canterbury,Woolston,LAWA-100146,PM2.5,2020,6.697178082191781,365,2020-01-01 01:00:00,2020-12-31 01:00:00,100.0
Canterbury,Woolston,LAWA-100146,PM2.5,2021,5.598013698630138,365,2021-01-01 01:00:00,2021-12-31 01:00:00,100.0
Canterbury,Woolston,LAWA-100146,PM2.5,2022,5.987544198895027,362,2022-01-01 01:00:00,2022-12-31 01:00:00,99.2
Canterbury,Woolston,LAWA-100146,PM2.5,2023,6.365394520547945,365,2023-01-01 01:00:00,2023-12-31 01:00:00,100.0
Canterbury,Woolston,LAWA-100146,PM2.5,2024,7.197511049723756,362,2024-01-01 01:00:00,2024-12-31 01:00:00,99.2
Gisborne,Gisborne Boys' High School,LAWA-100058,PM10,2019,19.179205479452055,73,2019-07-17 00:00:00,2019-12-18 01:00:00,20.0
Gisborne,Gisborne Boys' High School,LAWA-100058,PM10,2020,21.4202429022082,317,2020-01-09 01:00:00,2020-12-14 01:00:00,86.8
Gisborne,Gisborne Boys' High School,LAWA-100058,PM10,2021,21.745541916167667,334,2021-01-26 01:00:00,2021-12-31 01:00:00,91.5
Gisborne,Gisborne Boys' High School,LAWA-100058,PM10,2022,21.40830410958904,365,2022-01-01 01:00:00,2022-12-31 01:00:00,100.0
Gisborne,Gisborne Boys' High School,LAWA-100058,PM10,2023,18.896269349845202,323,2023-01-01 01:00:00,2023-12-31 01:00:00,88.5
Gisborne,Gisborne Boys' High School,LAWA-100058,PM10,2024,19.311209631728044,353,2024-01-01 01:00:00,2024-12-31 01:00:00,96.7
Gisborne,Gisborne Boys' High School,LAWA-100058,PM2.5,2019,8.829666666666666,84,2019-07-17 00:00:00,2019-12-29 01:00:00,23.0
Gisborne,Gisborne Boys' High School,LAWA-100058,PM2.5,2020,11.350566037735849,318,2020-01-08 01:00:00,2020-12-14 01:00:00,87.1
Gisborne,Gisborne Boys' High School,LAWA-100058,PM2.5,2021,10.638335329341318,334,2021-01-26 01:00:00,2021-12-31 01:00:00,91.5
Gisborne,Gisborne Boys' High School,LAWA-100058,PM2.5,2022,9.851605479452056,365,2022-01-01 01:00:00,2022-12-31 01:00:00,100.0
Gisborne,Gisborne Boys' High School,LAWA-100058,PM2.5,2023,8.628524844720497,322,2023-01-01 01:00:00,2023-12-31 01:00:00,88.2
Gisborne,Gisborne Boys' High School,LAWA-100058,PM2.5,2024,9.313279329608939,358,2024-01-01 01:00:00,2024-12-31 01:00:00,98.1
Hawke's Bay,Awatoto AQ,LAWA-100026,PM10,2016,18.43178082191781,365,2016-01-01 01:00:00,2016-12-31 01:00:00,100.0
Hawke's Bay,Awatoto AQ,LAWA-100026,PM10,2017,18.185014409221903,347,2017-01-01 01:00:00,2017-12-31 01:00:00,95.1
Hawke's Bay,Awatoto AQ,LAWA-100026,PM10,2018,19.670194986072424,359,2018-01-01 01:00:00,2018-12-31 01:00:00,98.4
Hawke's Bay,Awatoto AQ,LAWA-100026,PM10,2019,17.87053824362606,353,2019-01-01 01:00:00,2019-12-31 01:00:00,96.7
Hawke's Bay,Awatoto AQ,LAWA-100026,PM10,2020,20.71267605633803,355,2020-01-01 01:00:00,2020-12-31 01:00:00,97.3
Hawke's Bay,Awatoto AQ,LAWA-100026,PM10,2021,21.534349030470914,361,2021-01-01 01:00:00,2021-12-31 01:00:00,98.9
Hawke's Bay,Awatoto AQ,LAWA-100026,PM10,2022,20.205474452554746,274,2022-01-01 01:00:00,2022-12-31 01:00:00,75.1
Hawke's Bay,Awatoto AQ,LAWA-100026,PM10,2023,23.77764705882353,255,2023-01-01 01:00:00,2023-12-31 01:00:00,69.9
Hawke's Bay,Awatoto AQ,LAWA-100026,PM10,2024,21.09505703422053,263,2024-01-01 01:00:00,2024-12-31 01:00:00,72.1
Hawke's Bay,Awatoto AQ,LAWA-100026,PM2.5,2016,5.302727272727273,110,2016-09-09 00:00:00,2016-12-31 01:00:00,30.1
Hawke's Bay,Awatoto AQ,LAWA-100026,PM2.5,2017,6.172625698324023,358,2017-01-01 01:00:00,2017-12-31 01:00:00,98.1
Hawke's Bay,Awatoto AQ,LAWA-100026,PM2.5,2018,6.062430939226519,362,2018-01-01 01:00:00,2018-12-31 01:00:00,99.2
Hawke's Bay,Awatoto AQ,LAWA-100026,PM2.5,2019,6.614285714285715,308,2019-01-01 01:00:00,2019-12-31 01:00:00,84.4
Hawke's Bay,Awatoto AQ,LAWA-100026,PM2.5,2020,6.1475073313783,341,2020-01-01 01:00:00,2020-12-31 01:00:00,93.4
Hawke's Bay,Awatoto AQ,LAWA-100026,PM2.5,2021,6.475218658892128,343,2021-01-01 01:00:00,2021-12-31 01:00:00,94.0
Hawke's Bay,Awatoto AQ,LAWA-100026,PM2.5,2022,5.722040816326531,245,2022-01-01 01:00:00,2022-12-31 01:00:00,67.1
Hawke's Bay,Awatoto AQ,LAWA-100026,PM2.5,2023,4.0512195121951216,41,2023-01-01 01:00:00,2023-02-13 01:00:00,11.2
Hawke's Bay,Awatoto AQ,LAWA-100026,PM2.5,2024,7.646774193548388,124,2024-01-24 01:00:00,2024-12-30 01:00:00,34.0
Hawke's Bay,Marewa Park,LAWA-100082,PM10,2016,13.18,340,2016-01-01 01:00:00,2016-12-31 01:00:00,93.2
Hawke's Bay,Marewa Park,LAWA-100082,PM10,2017,13.142942942942945,333,2017-01-01 01:00:00,2017-11-30 01:00:00,91.2
Hawke's Bay,Marewa Park,LAWA-100082,PM10,2018,13.349855907780979,347,2018-01-13 01:00:00,2018-12-31 01:00:00,95.1
Hawke's Bay,Marewa Park,LAWA-100082,PM10,2019,13.343213296398892,361,2019-01-01 01:00:00,2019-12-31 01:00:00,98.9
Hawke's Bay,Marewa Park,LAWA-100082,PM10,2020,14.169747899159665,357,2020-01-01 01:00:00,2020-12-31 01:00:00,97.8
Hawke's Bay,Marewa Park,LAWA-100082,PM10,2021,14.065289256198346,363,2021-01-01 01:00:00,2021-12-31 01:00:00,99.5
Hawke's Bay,Marewa Park,LAWA-100082,PM10,2022,13.551632047477744,337,2022-01-01 01:00:00,2022-12-31 01:00:00,92.3
Hawke's Bay,Marewa Park,LAWA-100082,PM10,2023,13.423809523809524,357,2023-01-01 01:00:00,2023-12-31 01:00:00,97.8
Hawke's Bay,Marewa Park,LAWA-100082,PM10,2024,13.454901960784312,357,2024-01-01 01:00:00,2024-12-31 01:00:00,97.8
Hawke's Bay,Marewa Park,LAWA-100082,PM2.5,2019,7.766666666666667,276,2019-03-31 01:00:00,2019-12-31 01:00:00,75.6
Hawke's Bay,Marewa Park,LAWA-100082,PM2.5,2020,8.968111455108358,323,2020-01-01 01:00:00,2020-12-31 01:00:00,88.5
Hawke's Bay,Marewa Park,LAWA-100082,PM2.5,2021,8.792395437262357,263,2021-01-01 01:00:00,2021-12-31 01:00:00,72.1
Hawke's Bay,Marewa Park,LAWA-100082,PM2.5,2022,8.233720930232558,86,2022-01-01 01:00:00,2022-08-08 00:00:00,23.6
Hawke's Bay,Marewa Park,LAWA-100082,PM2.5,2023,3.7600000000000002,40,2023-11-22 01:00:00,2023-12-31 01:00:00,11.0
Hawke's Bay,Marewa Park,LAWA-100082,PM2.5,2024,6.339669421487604,363,2024-01-01 01:00:00,2024-12-31 01:00:00,99.5
Hawke's Bay,St Johns,LAWA-100149,PM10,2016,16.72222222222222,333,2016-01-06 01:00:00,2016-12-31 01:00:00,91.2
Hawke's Bay,St Johns,LAWA-100149,PM10,2017,14.189111747851003,349,2017-01-01 01:00:00,2017-12-31 01:00:00,95.6
Hawke's Bay,St Johns,LAWA-100149,PM10,2018,13.573055555555555,360,2018-01-01 01:00:00,2018-12-31 01:00:00,98.6
Hawke's Bay,St Johns,LAWA-100149,PM10,2019,12.507777777777779,360,2019-01-01 01:00:00,2019-12-31 01:00:00,98.6
Hawke's Bay,St Johns,LAWA-100149,PM10,2020,12.109641873278237,363,2020-01-01 01:00:00,2020-12-31 01:00:00,99.5
Hawke's Bay,St Johns,LAWA-100149,PM10,2021,8.923287671232877,365,2021-01-01 01:00:00,2021-12-31 01:00:00,100.0
Hawke's Bay,St Johns,LAWA-100149,PM10,2022,12.241399416909621,343,2022-01-01 01:00:00,2022-12-31 01:00:00,94.0
Hawke's Bay,St Johns,LAWA-100149,PM10,2023,12.645505617977529,356,2023-01-01 01:00:00,2023-12-31 01:00:00,97.5
Hawke's Bay,St Johns,LAWA-100149,PM10,2024,13.518156424581006,358,2024-01-01 01:00:00,2024-12-31 01:00:00,98.1
Hawke's Bay,St Johns,LAWA-100149,PM2.5,2016,9.707182320441989,181,2016-06-30 00:00:00,2016-12-31 01:00:00,49.6
Hawke's Bay,St Johns,LAWA-100149,PM2.5,2017,9.724425287356322,348,2017-01-01 01:00:00,2017-12-30 01:00:00,95.3
Hawke's Bay,St Johns,LAWA-100149,PM2.5,2018,8.5958217270195,359,2018-01-01 01:00:00,2018-12-31 01:00:00,98.4
Hawke's Bay,St Johns,LAWA-100149,PM2.5,2019,7.954131054131055,351,2019-01-01 01:00:00,2019-12-31 01:00:00,96.2
Hawke's Bay,St Johns,LAWA-100149,PM2.5,2020,7.164846416382253,293,2020-01-01 01:00:00,2020-12-31 01:00:00,80.3
Hawke's Bay,St Johns,LAWA-100149,PM2.5,2021,7.333149171270718,362,2021-01-01 01:00:00,2021-12-31 01:00:00,99.2
Hawke's Bay,St Johns,LAWA-100149,PM2.5,2022,7.455056179775281,356,2022-01-01 01:00:00,2022-12-31 01:00:00,97.5
Hawke's Bay,St Johns,LAWA-100149,PM2.5,2023,6.736211699164346,359,2023-01-01 01:00:00,2023-12-31 01:00:00,98.4
Hawke's Bay,St Johns,LAWA-100149,PM2.5,2024,8.377142857142857,350,2024-01-01 01:00:00,2024-12-31 01:00:00,95.9
Manawatū-Whanganui,126 Hautapu Street,LAWA-100002,PM10,2022,12.717574626865671,268,2022-04-08 00:00:00,2022-12-31 01:00:00,73.4
Manawatū-Whanganui,126 Hautapu Street,LAWA-100002,PM10,2023,10.909668508287293,362,2023-01-01 01:00:00,2023-12-31 01:00:00,99.2
Manawatū-Whanganui,126 Hautapu Street,LAWA-100002,PM10,2024,11.646851123595503,356,2024-01-01 01:00:00,2024-12-31 01:00:00,97.5
Manawatū-Whanganui,126 Hautapu Street,LAWA-100002,PM2.5,2022,8.55383208955224,268,2022-04-08 00:00:00,2022-12-31 01:00:00,73.4
Manawatū-Whanganui,126 Hautapu Street,LAWA-100002,PM2.5,2023,6.538192307692308,364,2023-01-01 01:00:00,2023-12-31 01:00:00,99.7
Manawatū-Whanganui,126 Hautapu Street,LAWA-100002,PM2.5,2024,7.800896067415731,356,2024-01-01 01:00:00,2024-12-31 01:00:00,97.5
Manawatū-Whanganui,33 Kuku Street,LAWA-100002,PM10,2016,11.43106179775281,356,2016-01-01 01:00:00,2016-12-31 01:00:00,97.5
Manawatū-Whanganui,33 Kuku Street,LAWA-100002,PM10,2017,16.12865181058496,359,2017-01-01 01:00:00,2017-12-31 01:00:00,98.4
Manawatū-Whanganui,33 Kuku Street,LAWA-100002,PM10,2018,17.51557422969188,357,2018-01-01 01:00:00,2018-12-31 01:00:00,97.8
Manawatū-Whanganui,33 Kuku Street,LAWA-100002,PM10,2019,16.96158,350,2019-01-01 01:00:00,2019-12-31 01:00:00,95.9
Manawatū-Whanganui,33 Kuku Street,LAWA-100002,PM10,2020,13.404076923076923,351,2020-01-01 01:00:00,2020-12-31 01:00:00,96.2
Manawatū-Whanganui,33 Kuku Street,LAWA-100002,PM10,2021,11.588552631578947,38,2021-01-01 01:00:00,2021-02-08 01:00:00,10.4
Manawatū-Whanganui,34 Maata Street,LAWA-100028,PM10,2021,10.071867346938776,294,2021-03-12 01:00:00,2021-12-31 01:00:00,80.5
Manawatū-Whanganui,34 Maata Street,LAWA-100028,PM10,2022,9.263586894586895,351,2022-01-01 01:00:00,2022-12-31 01:00:00,96.2
Manawatū-Whanganui,34 Maata Street,LAWA-100028,PM10,2023,8.648595808383233,334,2023-01-01 01:00:00,2023-12-31 01:00:00,91.5
Manawatū-Whanganui,34 Maata Street,LAWA-100028,PM10,2024,9.055762857142856,350,2024-01-01 01:00:00,2024-12-31 01:00:00,95.9
Manawatū-Whanganui,34 Maata Street,LAWA-100028,PM2.5,2021,6.712989795918367,294,2021-03-12 01:00:00,2021-12-31 01:00:00,80.5
Manawatū-Whanganui,34 Maata Street,LAWA-100028,PM2.5,2022,3.25877304964539,282,2022-01-01 01:00:00,2022-12-31 01:00:00,77.3
Manawatū-Whanganui,34 Maata Street,LAWA-100028,PM2.5,2023,3.24892670157068,191,2023-01-01 01:00:00,2023-07-11 00:00:00,52.3
Manawatū-Whanganui,34 Maata Street,LAWA-100028,PM2.5,2024,7.517808724832214,298,2024-02-22 01:00:00,2024-12-27 01:00:00,81.6
Manawatū-Whanganui,Baptist Friendship Centre - 250 Taupo Road,LAWA-100028,PM10,2016,11.393688888888889,360,2016-01-01 01:00:00,2016-12-31 01:00:00,98.6
Manawatū-Whanganui,Baptist Friendship Centre - 250 Taupo Road,LAWA-100028,PM10,2017,11.426027027027027,296,2017-01-01 01:00:00,2017-12-31 01:00:00,81.1
Manawatū-Whanganui,Baptist Friendship Centre - 250 Taupo Road,LAWA-100028,PM10,2018,10.560864265927979,361,2018-01-01 01:00:00,2018-12-31 01:00:00,98.9
Manawatū-Whanganui,Baptist Friendship Centre - 250 Taupo Road,LAWA-100028,PM10,2019,10.955793939393939,330,2019-01-01 01:00:00,2019-12-31 01:00:00,90.4
Manawatū-Whanganui,Baptist Friendship Centre - 250 Taupo Road,LAWA-100028,PM10,2020,10.556690553745929,307,2020-01-01 01:00:00,2020-12-31 01:00:00,84.1
Manawatū-Whanganui,Baptist Friendship Centre - 250 Taupo Road,LAWA-100028,PM10,2021,7.711820895522388,67,2021-01-01 01:00:00,2021-03-08 01:00:00,18.4
Marlborough,Blenheim Bowling Club,LAWA-100031,PM10,2016,18.757298850574713,348,2016-01-01 01:00:00,2016-12-31 01:00:00,95.3
Marlborough,Blenheim Bowling Club,LAWA-100031,PM10,2017,20.377423822714682,361,2017-01-01 01:00:00,2017-12-31 01:00:00,98.9
Marlborough,Blenheim Bowling Club,LAWA-100031,PM10,2018,19.228066298342544,362,2018-01-01 01:00:00,2018-12-31 01:00:00,99.2
Marlborough,Blenheim Bowling Club,LAWA-100031,PM10,2019,17.815939226519337,362,2019-01-01 01:00:00,2019-12-31 01:00:00,99.2
Marlborough,Blenheim Bowling Club,LAWA-100031,PM10,2020,17.933095890410957,365,2020-01-01 01:00:00,2020-12-31 01:00:00,100.0
Marlborough,Blenheim Bowling Club,LAWA-100031,PM10,2021,19.43401098901099,364,2021-01-01 01:00:00,2021-12-31 01:00:00,99.7
Marlborough,Blenheim Bowling Club,LAWA-100031,PM10,2022,15.288443804034582,347,2022-01-01 01:00:00,2022-12-31 01:00:00,95.1
Marlborough,Blenheim Bowling Club,LAWA-100031,PM10,2023,14.039890109890111,364,2023-01-01 01:00:00,2023-12-31 01:00:00,99.7
Marlborough,Blenheim Bowling Club,LAWA-100031,PM10,2024,13.113545706371191,361,2024-01-01 01:00:00,2024-12-31 01:00:00,98.9
Marlborough,Blenheim Bowling Club,LAWA-100031,PM2.5,2016,4.786666666666666,12,2016-12-20 01:00:00,2016-12-31 01:00:00,3.3
Marlborough,Blenheim Bowling Club,LAWA-100031,PM2.5,2017,14.309506849315069,365,2017-01-01 01:00:00,2017-12-31 01:00:00,100.0
Marlborough,Blenheim Bowling Club,LAWA-100031,PM2.5,2018,13.217671232876711,365,2018-01-01 01:00:00,2018-12-31 01:00:00,100.0
Marlborough,Blenheim Bowling Club,LAWA-100031,PM2.5,2019,11.535555555555556,360,2019-01-01 01:00:00,2019-12-31 01:00:00,98.6
Marlborough,Blenheim Bowling Club,LAWA-100031,PM2.5,2020,11.854180327868853,366,2020-01-01 01:00:00,2020-12-31 01:00:00,100.3
Marlborough,Blenheim Bowling Club,LAWA-100031,PM2.5,2021,11.416062499999999,320,2021-01-01 01:00:00,2021-11-16 01:00:00,87.7
Marlborough,Blenheim Bowling Club,LAWA-100031,PM2.5,2022,8.275303867403315,181,2022-01-28 01:00:00,2022-12-14 01:00:00,49.6
Marlborough,Blenheim Bowling Club,LAWA-100031,PM2.5,2023,11.486108374384235,203,2023-06-07 00:00:00,2023-12-31 01:00:00,55.6
Marlborough,Blenheim Bowling Club,LAWA-100031,PM2.5,2024,9.648839779005526,362,2024-01-01 01:00:00,2024-12-31 01:00:00,99.2
Nelson,Nelson at Blackwood St,LAWA-100091,PM10,2016,18.21727019498607,359,2016-01-01 01:00:00,2016-12-31 01:00:00,98.4
Nelson,Nelson at Blackwood St,LAWA-100091,PM10,2017,19.635854341736696,357,2017-01-01 01:00:00,2017-12-31 01:00:00,97.8
Nelson,Nelson at Blackwood St,LAWA-100091,PM10,2018,17.892265193370164,362,2018-01-01 01:00:00,2018-12-31 01:00:00,99.2
Nelson,Nelson at Blackwood St,LAWA-100091,PM10,2019,18.22099447513812,362,2019-01-01 01:00:00,2019-12-31 01:00:00,99.2
Nelson,Nelson at Blackwood St,LAWA-100091,PM10,2020,15.492957746478874,355,2020-01-01 01:00:00,2020-12-31 01:00:00,97.3
Nelson,Nelson at Blackwood St,LAWA-100091,PM10,2021,15.33956386292835,321,2021-01-01 01:00:00,2021-12-31 01:00:00,87.9
Nelson,Nelson at Blackwood St,LAWA-100091,PM10,2022,15.735376044568245,359,2022-01-01 01:00:00,2022-12-31 01:00:00,98.4
Nelson,Nelson at Blackwood St,LAWA-100091,PM10,2023,14.930921052631579,304,2023-01-01 01:00:00,2023-12-31 01:00:00,83.3
Nelson,Nelson at Blackwood St,LAWA-100091,PM10,2024,15.602409638554217,332,2024-01-01 01:00:00,2024-12-31 01:00:00,91.0
Nelson,Nelson at Brook,LAWA-100092,PM10,2016,13.697368421052632,152,2016-01-06 01:00:00,2016-12-29 01:00:00,41.6
Nelson,Nelson at Brook,LAWA-100092,PM10,2017,12.938202247191011,178,2017-01-01 01:00:00,2017-12-30 01:00:00,48.8
Nelson,Nelson at Brook,LAWA-100092,PM10,2018,12.071856287425149,167,2018-01-02 01:00:00,2018-12-30 01:00:00,45.8
Nelson,Nelson at Brook,LAWA-100092,PM10,2019,12.211822660098521,203,2019-01-02 01:00:00,2019-12-29 01:00:00,55.6
Nelson,Nelson at Brook,LAWA-100092,PM10,2020,10.336363636363636,110,2020-01-01 01:00:00,2020-12-27 01:00:00,30.1
Nelson,Nelson at Brook,LAWA-100092,PM10,2021,11.162393162393162,117,2021-01-02 01:00:00,2021-12-29 01:00:00,32.1
Nelson,Nelson at Brook,LAWA-100092,PM10,2022,9.792079207920793,101,2022-01-01 01:00:00,2022-12-30 01:00:00,27.7
Nelson,Nelson at Brook,LAWA-100092,PM10,2023,6.0,51,2023-01-02 01:00:00,2023-12-03 01:00:00,14.0
Nelson,Nelson at Brook,LAWA-100092,PM10,2024,8.952380952380953,42,2024-01-02 01:00:00,2024-06-17 00:00:00,11.5
Nelson,Nelson at Green Meadows,LAWA-100093,PM10,2016,10.913544668587896,347,2016-01-05 01:00:00,2016-12-31 01:00:00,95.1
Nelson,Nelson at Green Meadows,LAWA-100093,PM10,2017,10.554179566563468,323,2017-01-01 01:00:00,2017-12-26 01:00:00,88.5
Nelson,Nelson at Green Meadows,LAWA-100093,PM10,2018,12.846153846153847,13,2018-01-17 01:00:00,2018-01-29 01:00:00,3.6
Nelson,Nelson at Green Meadows,LAWA-100093,PM10,2019,10.065088757396449,169,2019-04-19 00:00:00,2019-12-31 01:00:00,46.3
Nelson,Nelson at Green Meadows,LAWA-100093,PM10,2020,9.771929824561404,57,2020-01-03 01:00:00,2020-11-30 01:00:00,15.6
Nelson,Nelson at Green Meadows,LAWA-100093,PM10,2021,9.912087912087912,91,2021-01-17 01:00:00,2021-12-26 01:00:00,24.9
Nelson,Nelson at Green Meadows,LAWA-100093,PM10,2022,8.708333333333334,48,2022-01-01 01:00:00,2022-12-26 01:00:00,13.2
Nelson,Nelson at Green Meadows,LAWA-100093,PM10,2023,7.673469387755102,49,2023-01-01 01:00:00,2023-11-09 01:00:00,13.4
Nelson,Nelson at Green Meadows,LAWA-100093,PM10,2024,8.333333333333334,18,2024-01-01 01:00:00,2024-05-19 00:00:00,4.9
Nelson,Nelson at St Vincent St,LAWA-100094,PM10,2016,16.93820224719101,356,2016-01-01 01:00:00,2016-12-31 01:00:00,97.5
Nelson,Nelson at St Vincent St,LAWA-100094,PM10,2017,17.06179775280899,356,2017-01-01 01:00:00,2017-12-31 01:00:00,97.5
Nelson,Nelson at St Vincent St,LAWA-100094,PM10,2018,17.168067226890756,357,2018-01-01 01:00:00,2018-12-31 01:00:00,97.8
Nelson,Nelson at St Vincent St,LAWA-100094,PM10,2019,15.39612188365651,361,2019-01-01 01:00:00,2019-12-31 01:00:00,98.9
Nelson,Nelson at St Vincent St,LAWA-100094,PM10,2020,12.807692307692308,364,2020-01-01 01:00:00,2020-12-31 01:00:00,99.7
Nelson,Nelson at St Vincent St,LAWA-100094,PM10,2021,13.746556473829202,363,2021-01-01 01:00:00,2021-12-31 01:00:00,99.5
Nelson,Nelson at St Vincent St,LAWA-100094,PM10,2022,12.047486033519553,358,2022-01-01 01:00:00,2022-12-31 01:00:00,98.1
Nelson,Nelson at St Vincent St,LAWA-100094,PM10,2023,10.342696629213483,356,2023-01-01 01:00:00,2023-12-31 01:00:00,97.5
Nelson,Nelson at St Vincent St,LAWA-100094,PM10,2024,12.586705202312139,346,2024-01-01 01:00:00,2024-12-31 01:00:00,94.8
Nelson,Nelson at St Vincent St,LAWA-100094,PM2.5,2016,9.682882882882883,111,2016-01-06 01:00:00,2016-12-23 01:00:00,30.4
Nelson,Nelson at St Vincent St,LAWA-100094,PM2.5,2017,9.511627906976743,43,2017-01-04 01:00:00,2017-11-22 01:00:00,11.8
Nelson,Nelson at St Vincent St,LAWA-100094,PM2.5,2018,11.30334448160535,299,2018-03-01 01:00:00,2018-12-31 01:00:00,81.9
Nelson,Nelson at St Vincent St,LAWA-100094,PM2.5,2019,10.333240997229918,361,2019-01-01 01:00:00,2019-12-31 01:00:00,98.9
Nelson,Nelson at St Vincent St,LAWA-100094,PM2.5,2020,9.546302250803858,311,2020-01-01 01:00:00,2020-12-31 01:00:00,85.2
Nelson,Nelson at St Vincent St,LAWA-100094,PM2.5,2021,8.710982658959537,346,2021-01-01 01:00:00,2021-12-31 01:00:00,94.8
Nelson,Nelson at St Vincent St,LAWA-100094,PM2.5,2022,8.253239436619719,355,2022-01-01 01:00:00,2022-12-31 01:00:00,97.3
Nelson,Nelson at St Vincent St,LAWA-100094,PM2.5,2023,8.915428571428572,350,2023-01-01 01:00:00,2023-12-31 01:00:00,95.9
Nelson,Nelson at St Vincent St,LAWA-100094,PM2.5,2024,9.15155807365439,353,2024-01-01 01:00:00,2024-12-31 01:00:00,96.7
Northland,Dargaville Air Shed at Charlotte Street,LAWA-103912,PM10,2024,13.332333333333333,150,2024-08-04 00:00:00,2024-12-31 01:00:00,41.1
Northland,Kaitāia Air Shed at Commerce Street,LAWA-103802,PM10,2024,13.079421768707483,294,2024-03-09 01:00:00,2024-12-31 01:00:00,80.5
Northland,Marsden Point Air Shed at Ruakaka,LAWA-100005,PM10,2016,12.806516516516515,333,2016-01-01 01:00:00,2016-12-31 01:00:00,91.2
Northland,Marsden Point Air Shed at Ruakaka,LAWA-100005,PM10,2017,11.754462809917355,363,2017-01-01 01:00:00,2017-12-31 01:00:00,99.5
Northland,Marsden Point Air Shed at Ruakaka,LAWA-100005,PM10,2018,12.708054794520546,365,2018-01-01 01:00:00,2018-12-31 01:00:00,100.0
Northland,Marsden Point Air Shed at Ruakaka,LAWA-100005,PM10,2019,12.733983050847458,354,2019-01-01 01:00:00,2019-12-31 01:00:00,97.0
Northland,Marsden Point Air Shed at Ruakaka,LAWA-100005,PM10,2020,12.716694214876032,363,2020-01-01 01:00:00,2020-12-31 01:00:00,99.5
Northland,Marsden Point Air Shed at Ruakaka,LAWA-100005,PM10,2021,12.274318181818183,352,2021-01-01 01:00:00,2021-12-31 01:00:00,96.4
Northland,Marsden Point Air Shed at Ruakaka,LAWA-100005,PM10,2022,12.36091922005571,359,2022-01-01 01:00:00,2022-12-31 01:00:00,98.4
Northland,Marsden Point Air Shed at Ruakaka,LAWA-100005,PM10,2023,11.670967741935485,341,2023-01-01 01:00:00,2023-12-31 01:00:00,93.4
Northland,Marsden Point Air Shed at Ruakaka,LAWA-100005,PM10,2024,11.633000000000001,30,2024-01-01 01:00:00,2024-01-30 01:00:00,8.2
Northland,Whangārei Air Shed at Robert Street,LAWA-100006,PM10,2016,13.634077134986226,363,2016-01-01 01:00:00,2016-12-31 01:00:00,99.5
Northland,Whangārei Air Shed at Robert Street,LAWA-100006,PM10,2017,12.791299435028249,354,2017-01-01 01:00:00,2017-12-31 01:00:00,97.0
Northland,Whangārei Air Shed at Robert Street,LAWA-100006,PM10,2018,13.449337016574585,362,2018-01-01 01:00:00,2018-12-31 01:00:00,99.2
Northland,Whangārei Air Shed at Robert Street,LAWA-100006,PM10,2019,14.019643835616439,365,2019-01-01 01:00:00,2019-12-31 01:00:00,100.0
Northland,Whangārei Air Shed at Robert Street,LAWA-100006,PM10,2020,12.619180327868852,366,2020-01-01 01:00:00,2020-12-31 01:00:00,100.3
Northland,Whangārei Air Shed at Robert Street,LAWA-100006,PM10,2021,12.035042735042735,351,2021-01-01 01:00:00,2021-12-31 01:00:00,96.2
Northland,Whangārei Air Shed at Robert Street,LAWA-100006,PM10,2022,12.548760330578512,363,2022-01-01 01:00:00,2022-12-31 01:00:00,99.5
Northland,Whangārei Air Shed at Robert Street,LAWA-100006,PM10,2023,11.23413698630137,365,2023-01-01 01:00:00,2023-12-31 01:00:00,100.0
Northland,Whangārei Air Shed at Robert Street,LAWA-100006,PM10,2024,12.072582417582417,364,2024-01-01 01:00:00,2024-12-31 01:00:00,99.7
Northland,Whangārei Air Shed at Robert Street,LAWA-100006,PM2.5,2016,6.346363636363637,154,2016-07-31 00:00:00,2016-12-31 01:00:00,42.2
Northland,Whangārei Air Shed at Robert Street,LAWA-100006,PM2.5,2017,6.079002849002849,351,2017-01-01 01:00:00,2017-12-31 01:00:00,96.2
Northland,Whangārei Air Shed at Robert Street,LAWA-100006,PM2.5,2018,6.377660167130919,359,2018-01-01 01:00:00,2018-12-31 01:00:00,98.4
Northland,Whangārei Air Shed at Robert Street,LAWA-100006,PM2.5,2019,6.6801152737752165,347,2019-01-01 01:00:00,2019-12-31 01:00:00,95.1
Northland,Whangārei Air Shed at Robert Street,LAWA-100006,PM2.5,2020,7.645863095238096,336,2020-01-01 01:00:00,2020-12-31 01:00:00,92.1
Northland,Whangārei Air Shed at Robert Street,LAWA-100006,PM2.5,2021,5.2802762430939225,362,2021-01-01 01:00:00,2021-12-31 01:00:00,99.2
Northland,Whangārei Air Shed at Robert Street,LAWA-100006,PM2.5,2022,5.297307692307692,364,2022-01-01 01:00:00,2022-12-31 01:00:00,99.7
Northland,Whangārei Air Shed at Robert Street,LAWA-100006,PM2.5,2023,5.13133704735376,359,2023-01-01 01:00:00,2023-12-31 01:00:00,98.4
Northland,Whangārei Air Shed at Robert Street,LAWA-100006,PM2.5,2024,5.190722222222222,360,2024-01-01 01:00:00,2024-12-31 01:00:00,98.6
Otago,Alexandra at 5 Ventry Street,LAWA-100575,PM10,2017,17.47018604651163,215,2017-05-25 00:00:00,2017-12-31 01:00:00,58.9
Otago,Alexandra at 5 Ventry Street,LAWA-100575,PM10,2018,14.232027777777777,360,2018-01-01 01:00:00,2018-12-31 01:00:00,98.6
Otago,Alexandra at 5 Ventry Street,LAWA-100575,PM10,2019,13.665536231884056,345,2019-01-01 01:00:00,2019-12-31 01:00:00,94.5
Otago,Alexandra at 5 Ventry Street,LAWA-100575,PM10,2020,13.051460674157303,356,2020-01-01 01:00:00,2020-12-31 01:00:00,97.5
Otago,Alexandra at 5 Ventry Street,LAWA-100575,PM10,2021,13.650113636363637,352,2021-01-01 01:00:00,2021-12-31 01:00:00,96.4
Otago,Alexandra at 5 Ventry Street,LAWA-100575,PM10,2022,16.293833333333332,360,2022-01-01 01:00:00,2022-12-31 01:00:00,98.6
Otago,Alexandra at 5 Ventry Street,LAWA-100575,PM10,2023,16.254057971014493,345,2023-01-01 01:00:00,2023-12-31 01:00:00,94.5
Otago,Alexandra at 5 Ventry Street,LAWA-100575,PM10,2024,16.311449275362317,345,2024-01-01 01:00:00,2024-12-31 01:00:00,94.5
Otago,Arrowtown,LAWA-100023,PM10,2016,21.321143695014662,341,2016-01-01 01:00:00,2016-12-31 01:00:00,93.4
Otago,Arrowtown,LAWA-100023,PM10,2017,24.1916091954023,348,2017-01-01 01:00:00,2017-12-31 01:00:00,95.3
Otago,Arrowtown,LAWA-100023,PM10,2018,20.298609467455623,338,2018-01-01 01:00:00,2018-12-24 01:00:00,92.6
Otago,Arrowtown,LAWA-100023,PM10,2019,17.818666666666665,345,2019-01-04 01:00:00,2019-12-26 01:00:00,94.5
Otago,Arrowtown,LAWA-100023,PM10,2020,17.939176470588233,340,2020-01-07 01:00:00,2020-12-31 01:00:00,93.2
Otago,Arrowtown,LAWA-100023,PM10,2021,5.276506024096386,83,2021-01-01 01:00:00,2021-12-31 01:00:00,22.7
Otago,Arrowtown,LAWA-100023,PM10,2022,12.846985915492958,355,2022-01-01 01:00:00,2022-12-31 01:00:00,97.3
Otago,Arrowtown,LAWA-100023,PM10,2023,12.8335,360,2023-01-01 01:00:00,2023-12-31 01:00:00,98.6
Otago,Arrowtown,LAWA-100023,PM10,2024,13.759750692520777,361,2024-01-01 01:00:00,2024-12-31 01:00:00,98.9
Otago,Central Dunedin,LAWA-100040,PM10,2016,17.439451612903227,310,2016-01-01 01:00:00,2016-12-31 01:00:00,84.9
Otago,Central Dunedin,LAWA-100040,PM10,2017,15.405814606741574,356,2017-01-01 01:00:00,2017-12-31 01:00:00,97.5
Otago,Central Dunedin,LAWA-100040,PM10,2018,16.411859154929576,355,2018-01-01 01:00:00,2018-12-31 01:00:00,97.3
Otago,Central Dunedin,LAWA-100040,PM10,2019,13.125319767441859,344,2019-01-01 01:00:00,2019-12-31 01:00:00,94.2
Otago,Central Dunedin,LAWA-100040,PM10,2020,13.464382352941177,340,2020-01-01 01:00:00,2020-12-31 01:00:00,93.2
Otago,Central Dunedin,LAWA-100040,PM10,2021,15.455169491525425,354,2021-01-01 01:00:00,2021-12-31 01:00:00,97.0
Otago,Central Dunedin,LAWA-100040,PM10,2022,20.788197183098593,355,2022-01-01 01:00:00,2022-12-31 01:00:00,97.3
Otago,Central Dunedin,LAWA-100040,PM10,2023,16.015384615384615,364,2023-01-01 01:00:00,2023-12-31 01:00:00,99.7
Otago,Central Dunedin,LAWA-100040,PM10,2024,13.826892655367232,354,2024-01-01 01:00:00,2024-12-31 01:00:00,97.0
Otago,Clyde,LAWA-100048,PM10,2016,25.066896551724138,174,2016-04-13 00:00:00,2016-10-05 01:00:00,47.7
Otago,Clyde,LAWA-100048,PM10,2017,25.956473684210525,190,2017-03-15 01:00:00,2017-09-24 01:00:00,52.1
Otago,Clyde,LAWA-100048,PM10,2018,18.909101123595505,178,2018-04-10 00:00:00,2018-10-04 01:00:00,48.8
Otago,Clyde,LAWA-100048,PM10,2019,17.36736040609137,197,2019-04-02 01:00:00,2019-10-16 01:00:00,54.0
Otago,Clyde,LAWA-100048,PM10,2020,21.22392,125,2020-05-07 00:00:00,2020-09-23 00:00:00,34.2
Otago,Cromwell,LAWA-100051,PM10,2016,31.40644970414201,169,2016-04-16 00:00:00,2016-10-05 01:00:00,46.3
Otago,Cromwell,LAWA-100051,PM10,2017,35.04625730994152,171,2017-03-15 01:00:00,2017-09-06 00:00:00,46.8
Otago,Cromwell,LAWA-100051,PM10,2018,24.076946564885496,131,2018-05-01 00:00:00,2018-10-04 01:00:00,35.9
Otago,Cromwell,LAWA-100051,PM10,2019,22.319119496855343,159,2019-04-18 00:00:00,2019-10-01 01:00:00,43.6
Otago,Cromwell,LAWA-100051,PM10,2020,23.783856209150326,153,2020-05-15 00:00:00,2020-10-14 01:00:00,41.9
Otago,Cromwell,LAWA-100051,PM10,2021,22.33103448275862,174,2021-04-14 00:00:00,2021-10-04 01:00:00,47.7
Otago,Milton,LAWA-100086,PM10,2016,40.572214765100675,149,2016-05-06 00:00:00,2016-10-03 01:00:00,40.8
Otago,Milton,LAWA-100086,PM10,2017,37.903278688524594,183,2017-03-23 01:00:00,2017-09-25 01:00:00,50.1
Otago,Milton,LAWA-100086,PM10,2018,28.340749999999996,160,2018-04-17 00:00:00,2018-09-30 01:00:00,43.8
Otago,Milton,LAWA-100086,PM10,2019,24.965465116279073,172,2019-04-06 01:00:00,2019-10-01 01:00:00,47.1
Otago,Milton,LAWA-100086,PM10,2020,28.137234042553192,141,2020-05-13 00:00:00,2020-10-04 01:00:00,38.6
Otago,Milton,LAWA-100086,PM10,2021,22.855483870967742,186,2021-04-17 00:00:00,2021-10-21 01:00:00,51.0
Otago,Mosgiel,LAWA-100088,PM10,2016,19.15756862745098,255,2016-04-16 00:00:00,2016-12-31 01:00:00,69.9
Otago,Mosgiel,LAWA-100088,PM10,2017,18.611072463768114,345,2017-01-01 01:00:00,2017-12-19 01:00:00,94.5
Otago,Mosgiel,LAWA-100088,PM10,2018,19.22361111111111,324,2018-02-01 01:00:00,2018-12-31 01:00:00,88.8
Otago,Mosgiel,LAWA-100088,PM10,2019,16.866417910447762,335,2019-01-01 01:00:00,2019-12-31 01:00:00,91.8
Otago,Mosgiel,LAWA-100088,PM10,2020,17.95449720670391,358,2020-01-01 01:00:00,2020-12-31 01:00:00,98.1
Otago,Mosgiel,LAWA-100088,PM10,2021,17.322379603399433,353,2021-01-01 01:00:00,2021-12-31 01:00:00,96.7
Otago,Mosgiel,LAWA-100088,PM10,2022,18.403345323741007,278,2022-01-01 01:00:00,2022-10-20 01:00:00,76.2
Otago,Mosgiel,LAWA-100088,PM10,2023,16.87141447368421,304,2023-02-10 01:00:00,2023-12-31 01:00:00,83.3
Otago,Mosgiel,LAWA-100088,PM10,2024,12.593544668587896,347,2024-01-01 01:00:00,2024-12-31 01:00:00,95.1
Southland,Gore at Main Street,LAWA-100060,PM10,2016,25.193553719008264,363,2016-01-01 01:00:00,2016-12-31 01:00:00,99.5
Southland,Gore at Main Street,LAWA-100060,PM10,2017,25.085726027397264,365,2017-01-01 01:00:00,2017-12-31 01:00:00,100.0
Southland,Gore at Main Street,LAWA-100060,PM10,2018,25.13708791208791,364,2018-01-01 01:00:00,2018-12-31 01:00:00,99.7
Southland,Gore at Main Street,LAWA-100060,PM10,2019,23.433490304709142,361,2019-01-01 01:00:00,2019-12-31 01:00:00,98.9
Southland,Gore at Main Street,LAWA-100060,PM10,2020,24.34447513812155,362,2020-01-01 01:00:00,2020-12-31 01:00:00,99.2
Southland,Gore at Main Street,LAWA-100060,PM10,2021,22.54615168539326,356,2021-01-01 01:00:00,2021-12-31 01:00:00,97.5
Southland,Gore at Main Street,LAWA-100060,PM10,2022,23.53923287671233,365,2022-01-01 01:00:00,2022-12-31 01:00:00,100.0
Southland,Gore at Main Street,LAWA-100060,PM10,2023,21.66813698630137,365,2023-01-01 01:00:00,2023-12-31 01:00:00,100.0
Southland,Gore at Main Street,LAWA-100060,PM10,2024,21.082005494505495,364,2024-01-01 01:00:00,2024-12-31 01:00:00,99.7
Southland,Invercargill at Pomona Street,LAWA-100070,PM10,2016,20.318505747126437,348,2016-01-01 01:00:00,2016-12-31 01:00:00,95.3
Southland,Invercargill at Pomona Street,LAWA-100070,PM10,2017,20.516074498567335,349,2017-01-01 01:00:00,2017-12-31 01:00:00,95.6
Southland,Invercargill at Pomona Street,LAWA-100070,PM10,2018,21.353857142857144,350,2018-01-01 01:00:00,2018-12-31 01:00:00,95.9
Southland,Invercargill at Pomona Street,LAWA-100070,PM10,2019,18.7145,360,2019-01-01 01:00:00,2019-12-31 01:00:00,98.6
Southland,Invercargill at Pomona Street,LAWA-100070,PM10,2020,19.249055555555554,360,2020-01-01 01:00:00,2020-12-31 01:00:00,98.6
Southland,Invercargill at Pomona Street,LAWA-100070,PM10,2021,16.31388429752066,363,2021-01-01 01:00:00,2021-12-31 01:00:00,99.5
Southland,Invercargill at Pomona Street,LAWA-100070,PM10,2022,18.139916666666668,360,2022-01-01 01:00:00,2022-12-31 01:00:00,98.6
Southland,Invercargill at Pomona Street,LAWA-100070,PM10,2023,17.07153631284916,358,2023-01-01 01:00:00,2023-12-31 01:00:00,98.1
Southland,Invercargill at Pomona Street,LAWA-100070,PM10,2024,17.06298630136986,365,2024-01-01 01:00:00,2024-12-31 01:00:00,100.0
Southland,Winton at Essex Street,LAWA-100145,PM2.5,2019,5.292033898305085,236,2019-05-01 00:00:00,2019-12-31 01:00:00,64.7
Southland,Winton at Essex Street,LAWA-100145,PM2.5,2020,5.511830985915493,355,2020-01-01 01:00:00,2020-12-31 01:00:00,97.3
Southland,Winton at Essex Street,LAWA-100145,PM2.5,2021,5.47258358662614,329,2021-01-01 01:00:00,2021-11-30 01:00:00,90.1
Southland,Winton at Essex Street,LAWA-100145,PM2.5,2022,5.414785478547855,303,2022-02-02 01:00:00,2022-12-06 01:00:00,83.0
Southland,Winton at Essex Street,LAWA-100145,PM2.5,2023,10.30399193548387,248,2023-04-27 00:00:00,2023-12-31 01:00:00,67.9
Southland,Winton at Essex Street,LAWA-100145,PM2.5,2024,5.654133333333333,75,2024-01-01 01:00:00,2024-12-31 01:00:00,20.5
Taranaki,Central School,LAWA-103885,PM2.5,2016,4.1897734627831715,309,2016-02-27 00:00:00,2016-12-31 00:00:00,84.7
Taranaki,Central School,LAWA-103885,PM2.5,2017,3.662493150684931,365,2017-01-01 00:00:00,2017-12-31 00:00:00,100.0
Taranaki,Central School,LAWA-103885,PM2.5,2018,3.8123055555555556,360,2018-01-01 00:00:00,2018-12-31 00:00:00,98.6
Taranaki,Central School,LAWA-103885,PM2.5,2019,4.286657534246576,365,2019-01-01 00:00:00,2019-12-31 00:00:00,100.0
Taranaki,Central School,LAWA-103885,PM2.5,2020,3.435813253012048,332,2020-01-01 00:00:00,2020-12-31 00:00:00,91.0
Taranaki,Central School,LAWA-103885,PM2.5,2021,3.736987951807229,332,2021-01-01 00:00:00,2021-12-02 00:00:00,91.0
Taranaki,Central School,LAWA-103885,PM2.5,2022,2.6889940828402366,169,2022-07-02 00:00:00,2022-12-31 00:00:00,46.3
Taranaki,Central School,LAWA-103885,PM2.5,2023,2.8699175824175827,364,2023-01-01 00:00:00,2023-12-31 00:00:00,99.7
Taranaki,Central School,LAWA-103885,PM2.5,2024,3.094426229508197,366,2024-01-01 00:00:00,2024-12-31 00:00:00,100.3
Tasman,Plunket AQ,LAWA-100111,PM10,2016,18.6991643454039,359,2016-01-01 00:00:00,2016-12-31 00:00:00,98.4
Tasman,Plunket AQ,LAWA-100111,PM10,2017,16.70028011204482,357,2017-01-01 00:00:00,2017-12-31 00:00:00,97.8
Tasman,Plunket AQ,LAWA-100111,PM10,2018,18.79501385041551,361,2018-01-01 00:00:00,2018-12-31 00:00:00,98.9
Tasman,Plunket AQ,LAWA-100111,PM10,2019,17.639204545454547,352,2019-01-01 00:00:00,2019-12-31 00:00:00,96.4
Tasman,Plunket AQ,LAWA-100111,PM10,2020,15.137362637362637,364,2020-01-01 00:00:00,2020-12-31 00:00:00,99.7
Tasman,Plunket AQ,LAWA-100111,PM10,2021,16.564245810055866,358,2021-01-01 00:00:00,2021-12-31 00:00:00,98.1
Tasman,Plunket AQ,LAWA-100111,PM10,2022,14.197771587743732,359,2022-01-01 00:00:00,2022-12-31 00:00:00,98.4
Tasman,Plunket AQ,LAWA-100111,PM10,2023,14.488826815642458,358,2023-01-01 00:00:00,2023-12-31 00:00:00,98.1
Tasman,Plunket AQ,LAWA-100111,PM10,2024,15.457142857142857,350,2024-01-01 00:00:00,2024-12-31 00:00:00,95.9
Tasman,Plunket AQ,LAWA-100111,PM2.5,2016,11.972661870503597,278,2016-01-02 00:00:00,2016-12-29 00:00:00,76.2
Tasman,Plunket AQ,LAWA-100111,PM2.5,2017,15.325174825174825,143,2017-01-04 00:00:00,2017-12-30 00:00:00,39.2
Tasman,Plunket AQ,LAWA-100111,PM2.5,2019,9.828491620111732,358,2019-01-02 00:00:00,2019-12-31 00:00:00,98.1
Tasman,Plunket AQ,LAWA-100111,PM2.5,2020,9.715833333333332,360,2020-01-01 00:00:00,2020-12-31 00:00:00,98.6
Tasman,Plunket AQ,LAWA-100111,PM2.5,2021,9.522714681440442,361,2021-01-01 00:00:00,2021-12-31 00:00:00,98.9
Tasman,Plunket AQ,LAWA-100111,PM2.5,2022,8.633240223463687,358,2022-01-01 00:00:00,2022-12-31 00:00:00,98.1
Tasman,Plunket AQ,LAWA-100111,PM2.5,2023,8.1963687150838,358,2023-01-01 00:00:00,2023-12-31 00:00:00,98.1
Tasman,Plunket AQ,LAWA-100111,PM2.5,2024,8.62169014084507,355,2024-01-01 00:00:00,2024-12-31 00:00:00,97.3
Waikato,Billah Street,LAWA-100030,PM10,2016,14.478361520467837,342,2016-01-01 01:00:00,2016-12-31 01:00:00,93.7
Waikato,Billah Street,LAWA-100030,PM10,2017,15.405932255192878,337,2017-01-01 01:00:00,2017-12-31 01:00:00,92.3
Waikato,Billah Street,LAWA-100030,PM10,2018,14.487770823529413,340,2018-01-01 01:00:00,2018-12-31 01:00:00,93.2
Waikato,Billah Street,LAWA-100030,PM10,2019,15.333518213256484,347,2019-01-01 01:00:00,2019-12-31 01:00:00,95.1
Waikato,Billah Street,LAWA-100030,PM10,2020,19.211294484679666,359,2020-01-01 01:00:00,2020-12-31 01:00:00,98.4
Waikato,Billah Street,LAWA-100030,PM10,2021,21.94549479452055,365,2021-01-01 01:00:00,2021-12-31 01:00:00,100.0
Waikato,Billah Street,LAWA-100030,PM10,2022,18.64932759643917,337,2022-01-01 01:00:00,2022-12-31 01:00:00,92.3
Waikato,Billah Street,LAWA-100030,PM10,2023,18.295278508287293,362,2023-01-01 01:00:00,2023-12-31 01:00:00,99.2
Waikato,Billah Street,LAWA-100030,PM10,2024,18.857798961748635,366,2024-01-01 01:00:00,2024-12-31 01:00:00,100.3
Waikato,Billah Street,LAWA-100030,PM2.5,2016,13.425824603658537,328,2016-01-20 01:00:00,2016-12-31 01:00:00,89.9
Waikato,Billah Street,LAWA-100030,PM2.5,2017,14.73413501718213,291,2017-01-01 01:00:00,2017-10-29 01:00:00,79.7
Waikato,Billah Street,LAWA-100030,PM2.5,2018,10.205741428571429,280,2018-01-05 01:00:00,2018-10-29 01:00:00,76.7
Waikato,Billah Street,LAWA-100030,PM2.5,2019,9.912664527027028,148,2019-08-02 00:00:00,2019-12-31 01:00:00,40.5
Waikato,Billah Street,LAWA-100030,PM2.5,2020,11.364452841225626,359,2020-01-01 01:00:00,2020-12-31 01:00:00,98.4
Waikato,Billah Street,LAWA-100030,PM2.5,2021,13.288907260273973,365,2021-01-01 01:00:00,2021-12-31 01:00:00,100.0
Waikato,Billah Street,LAWA-100030,PM2.5,2022,10.654521928783383,337,2022-01-01 01:00:00,2022-12-31 01:00:00,92.3
Waikato,Billah Street,LAWA-100030,PM2.5,2023,10.748121845730028,363,2023-01-01 01:00:00,2023-12-31 01:00:00,99.5
Waikato,Billah Street,LAWA-100030,PM2.5,2024,10.927578032786885,366,2024-01-01 01:00:00,2024-12-31 01:00:00,100.3
Waikato,Bloodbank,LAWA-100032,PM10,2016,12.474436785714285,364,2016-01-01 01:00:00,2016-12-31 01:00:00,99.7
Waikato,Bloodbank,LAWA-100032,PM10,2017,12.022295369318181,352,2017-01-01 01:00:00,2017-12-30 01:00:00,96.4
Waikato,Bloodbank,LAWA-100032,PM10,2018,12.086433623595505,356,2018-01-01 01:00:00,2018-12-31 01:00:00,97.5
Waikato,Bloodbank,LAWA-100032,PM10,2019,14.36506574229692,357,2019-01-01 01:00:00,2019-12-31 01:00:00,97.8
Waikato,Bloodbank,LAWA-100032,PM10,2020,11.294395314285714,350,2020-01-01 01:00:00,2020-12-31 01:00:00,95.9
Waikato,Bloodbank,LAWA-100032,PM10,2021,11.4173437535014,357,2021-01-01 01:00:00,2021-12-31 01:00:00,97.8
Waikato,Bloodbank,LAWA-100032,PM10,2022,9.617874658753708,337,2022-01-01 01:00:00,2022-12-31 01:00:00,92.3
Waikato,Bloodbank,LAWA-100032,PM10,2023,12.462099808219179,365,2023-01-01 01:00:00,2023-12-31 01:00:00,100.0
Waikato,Bloodbank,LAWA-100032,PM10,2024,13.038584313186812,364,2024-01-01 01:00:00,2024-12-31 01:00:00,99.7
Waikato,Bloodbank,LAWA-100032,PM2.5,2023,4.520859534883721,86,2023-10-07 01:00:00,2023-12-31 01:00:00,23.6
Waikato,Bloodbank,LAWA-100032,PM2.5,2024,5.565554917582418,364,2024-01-01 01:00:00,2024-12-31 01:00:00,99.7
Waikato,Bowling Club,LAWA-100034,PM10,2016,11.739728479532165,342,2016-01-01 01:00:00,2016-12-31 01:00:00,93.7
Waikato,Bowling Club,LAWA-100034,PM10,2017,11.636845533980582,309,2017-01-01 01:00:00,2017-12-31 01:00:00,84.7
Waikato,Bowling Club,LAWA-100034,PM10,2018,11.18427161016949,354,2018-01-02 01:00:00,2018-12-31 01:00:00,97.0
Waikato,Bowling Club,LAWA-100034,PM10,2019,13.20723097982709,347,2019-01-01 01:00:00,2019-12-31 01:00:00,95.1
Waikato,Bowling Club,LAWA-100034,PM10,2020,11.264734161849711,346,2020-01-01 01:00:00,2020-12-31 01:00:00,94.8
Waikato,Bowling Club,LAWA-100034,PM10,2021,9.953425892857142,336,2021-01-01 01:00:00,2021-12-22 01:00:00,92.1
Waikato,Bowling Club,LAWA-100034,PM10,2022,10.788684074074075,324,2022-01-11 01:00:00,2022-12-31 01:00:00,88.8
Waikato,Bowling Club,LAWA-100034,PM10,2023,14.436944012944984,309,2023-01-01 01:00:00,2023-12-31 01:00:00,84.7
Waikato,Bowling Club,LAWA-100034,PM10,2024,18.80124207650273,366,2024-01-01 01:00:00,2024-12-31 01:00:00,100.3
Waikato,Bowling Club,LAWA-100034,PM2.5,2023,10.005061516853932,178,2023-07-07 00:00:00,2023-12-31 01:00:00,48.8
Waikato,Bowling Club,LAWA-100034,PM2.5,2024,10.09367398907104,366,2024-01-01 01:00:00,2024-12-31 01:00:00,100.3
Waikato,Claudelands,LAWA-100046,PM10,2016,11.51516135359116,362,2016-01-01 01:00:00,2016-12-31 01:00:00,99.2
Waikato,Claudelands,LAWA-100046,PM10,2017,11.061177394957983,357,2017-01-01 01:00:00,2017-12-31 01:00:00,97.8
Waikato,Claudelands,LAWA-100046,PM10,2018,11.62962404432133,361,2018-01-01 01:00:00,2018-12-31 01:00:00,98.9
Waikato,Claudelands,LAWA-100046,PM10,2019,15.223375617283951,324,2019-01-01 01:00:00,2019-12-31 01:00:00,88.8
Waikato,Claudelands,LAWA-100046,PM10,2020,14.132445386740333,362,2020-01-01 01:00:00,2020-12-27 01:00:00,99.2
Waikato,Claudelands,LAWA-100046,PM10,2021,12.871777089783281,323,2021-01-12 01:00:00,2021-12-31 01:00:00,88.5
Waikato,Claudelands,LAWA-100046,PM10,2022,13.61441560137457,291,2022-01-01 01:00:00,2022-12-31 01:00:00,79.7
Waikato,Claudelands,LAWA-100046,PM10,2023,14.024998674033148,362,2023-01-01 01:00:00,2023-12-31 01:00:00,99.2
Waikato,Claudelands,LAWA-100046,PM10,2024,13.324780119047618,336,2024-01-01 01:00:00,2024-12-31 01:00:00,92.1
Waikato,Claudelands,LAWA-100046,PM2.5,2017,5.267792,60,2017-10-15 01:00:00,2017-12-13 01:00:00,16.4
Waikato,Claudelands,LAWA-100046,PM2.5,2018,7.035075666666667,120,2018-05-05 00:00:00,2018-12-31 01:00:00,32.9
Waikato,Claudelands,LAWA-100046,PM2.5,2019,7.945384159663866,238,2019-01-01 01:00:00,2019-12-31 01:00:00,65.2
Waikato,Claudelands,LAWA-100046,PM2.5,2020,6.934021988950277,362,2020-01-01 01:00:00,2020-12-27 01:00:00,99.2
Waikato,Claudelands,LAWA-100046,PM2.5,2021,6.301399076923077,325,2021-01-12 01:00:00,2021-12-31 01:00:00,89.0
Waikato,Claudelands,LAWA-100046,PM2.5,2022,6.7228972508591065,291,2022-01-01 01:00:00,2022-12-31 01:00:00,79.7
Waikato,Claudelands,LAWA-100046,PM2.5,2023,6.403039804469274,358,2023-01-01 01:00:00,2023-12-31 01:00:00,98.1
Waikato,Claudelands,LAWA-100046,PM2.5,2024,5.994024910714286,336,2024-01-01 01:00:00,2024-12-31 01:00:00,92.1
Waikato,Gillies Ave,LAWA-100057,PM10,2016,11.946191016949152,354,2016-01-01 01:00:00,2016-12-31 01:00:00,97.0
Waikato,Gillies Ave,LAWA-100057,PM10,2017,13.567898121387284,346,2017-01-01 01:00:00,2017-12-31 01:00:00,94.8
Waikato,Gillies Ave,LAWA-100057,PM10,2018,11.216374985835694,353,2018-01-01 01:00:00,2018-12-31 01:00:00,96.7
Waikato,Gillies Ave,LAWA-100057,PM10,2019,12.200235248618785,362,2019-01-01 01:00:00,2019-12-31 01:00:00,99.2
Waikato,Gillies Ave,LAWA-100057,PM10,2020,11.384241206896553,348,2020-01-01 01:00:00,2020-12-14 01:00:00,95.3
Waikato,Gillies Ave,LAWA-100057,PM10,2021,16.459171708860758,316,2021-01-28 01:00:00,2021-12-31 01:00:00,86.6
Waikato,Gillies Ave,LAWA-100057,PM10,2022,16.450316138888887,360,2022-01-01 01:00:00,2022-12-31 01:00:00,98.6
Waikato,Gillies Ave,LAWA-100057,PM10,2023,15.484390986301369,365,2023-01-01 01:00:00,2023-12-31 01:00:00,100.0
Waikato,Gillies Ave,LAWA-100057,PM10,2024,16.279283224043716,366,2024-01-01 01:00:00,2024-12-31 01:00:00,100.3
Waikato,Gillies Ave,LAWA-100057,PM2.5,2021,10.422140700636943,314,2021-02-11 01:00:00,2021-12-31 01:00:00,86.0
Waikato,Gillies Ave,LAWA-100057,PM2.5,2022,9.326120972222222,360,2022-01-01 01:00:00,2022-12-31 01:00:00,98.6
Waikato,Gillies Ave,LAWA-100057,PM2.5,2023,8.71835397260274,365,2023-01-01 01:00:00,2023-12-31 01:00:00,100.0
Waikato,Gillies Ave,LAWA-100057,PM2.5,2024,9.28104543715847,366,2024-01-01 01:00:00,2024-12-31 01:00:00,100.3
Waikato,Morrinsville College,LAWA-100087,PM10,2016,11.370972200647248,309,2016-01-01 01:00:00,2016-12-31 01:00:00,84.7
Waikato,Morrinsville College,LAWA-100087,PM10,2017,11.284626166666667,360,2017-01-01 01:00:00,2017-12-31 01:00:00,98.6
Waikato,Morrinsville College,LAWA-100087,PM10,2018,11.093297852760736,163,2018-01-01 01:00:00,2018-12-11 01:00:00,44.7
Waikato,Morrinsville College,LAWA-100087,PM10,2019,12.268352023809525,336,2019-01-23 01:00:00,2019-12-31 01:00:00,92.1
Waikato,Morrinsville College,LAWA-100087,PM10,2020,9.625293011049724,362,2020-01-01 01:00:00,2020-12-31 01:00:00,99.2
Waikato,Morrinsville College,LAWA-100087,PM10,2021,9.140716272727273,330,2021-01-01 01:00:00,2021-12-31 01:00:00,90.4
Waikato,Morrinsville College,LAWA-100087,PM10,2022,9.308849228187919,298,2022-01-01 01:00:00,2022-12-31 01:00:00,81.6
Waikato,Morrinsville College,LAWA-100087,PM10,2023,9.822213982808023,349,2023-01-01 01:00:00,2023-12-31 01:00:00,95.6
Waikato,Morrinsville College,LAWA-100087,PM10,2024,10.22052938547486,358,2024-01-01 01:00:00,2024-12-31 01:00:00,98.1
Waikato,Thames High School,LAWA-100128,PM10,2016,13.136986159695818,263,2016-04-13 00:00:00,2016-12-31 01:00:00,72.1
Waikato,Thames High School,LAWA-100128,PM10,2017,8.558421685393258,356,2017-01-01 01:00:00,2017-12-31 01:00:00,97.5
Waikato,Thames High School,LAWA-100128,PM10,2018,5.404489342465753,365,2018-01-01 01:00:00,2018-12-31 01:00:00,100.0
Waikato,Thames High School,LAWA-100128,PM10,2019,11.10246632947977,346,2019-01-01 01:00:00,2019-12-31 01:00:00,94.8
Waikato,Thames High School,LAWA-100128,PM10,2020,9.721486181318681,364,2020-01-01 01:00:00,2020-12-31 01:00:00,99.7
Waikato,Thames High School,LAWA-100128,PM10,2021,9.421702947658403,363,2021-01-01 01:00:00,2021-12-31 01:00:00,99.5
Waikato,Thames High School,LAWA-100128,PM10,2022,9.021168527777776,360,2022-01-01 01:00:00,2022-12-31 01:00:00,98.6
Waikato,Thames High School,LAWA-100128,PM10,2023,9.565014917127073,362,2023-01-01 01:00:00,2023-12-31 01:00:00,99.2
Waikato,Thames High School,LAWA-100128,PM10,2024,10.589429476584023,363,2024-01-01 01:00:00,2024-12-31 01:00:00,99.5
Waikato,Waitomo District Council,LAWA-100137,PM10,2019,15.904299574468086,47,2019-11-15 01:00:00,2019-12-31 01:00:00,12.9
Waikato,Waitomo District Council,LAWA-100137,PM10,2020,15.45528558139535,301,2020-01-01 01:00:00,2020-12-31 01:00:00,82.5
Waikato,Waitomo District Council,LAWA-100137,PM10,2021,19.6266368128655,342,2021-01-01 01:00:00,2021-12-31 01:00:00,93.7
Waikato,Waitomo District Council,LAWA-100137,PM10,2022,17.64078932960894,358,2022-01-01 01:00:00,2022-12-31 01:00:00,98.1
Waikato,Waitomo District Council,LAWA-100137,PM10,2023,14.618444273972601,365,2023-01-01 01:00:00,2023-12-31 01:00:00,100.0
Waikato,Waitomo District Council,LAWA-100137,PM10,2024,17.284094055555556,360,2024-01-01 01:00:00,2024-12-31 01:00:00,98.6
Waikato,Waitomo District Council,LAWA-100137,PM2.5,2019,6.788617391304348,46,2019-11-16 01:00:00,2019-12-31 01:00:00,12.6
Waikato,Waitomo District Council,LAWA-100137,PM2.5,2020,7.755246212624585,301,2020-01-01 01:00:00,2020-12-31 01:00:00,82.5
Waikato,Waitomo District Council,LAWA-100137,PM2.5,2021,10.13896380116959,342,2021-01-01 01:00:00,2021-12-31 01:00:00,93.7
Waikato,Waitomo District Council,LAWA-100137,PM2.5,2022,8.319353583333333,360,2022-01-01 01:00:00,2022-12-31 01:00:00,98.6
Waikato,Waitomo District Council,LAWA-100137,PM2.5,2023,6.894753232876712,365,2023-01-01 01:00:00,2023-12-31 01:00:00,100.0
Waikato,Waitomo District Council,LAWA-100137,PM2.5,2024,7.759296944444444,360,2024-01-01 01:00:00,2024-12-31 01:00:00,98.6
Wellington,Lower Hutt (Phil Evans Reserve),LAWA-100080,PM10,2016,11.18382967032967,364,2016-01-01 01:00:00,2016-12-30 01:00:00,99.7
Wellington,Lower Hutt (Phil Evans Reserve),LAWA-100080,PM10,2017,11.381070422535212,355,2017-01-01 01:00:00,2017-12-31 01:00:00,97.3
Wellington,Lower Hutt (Phil Evans Reserve),LAWA-100080,PM10,2018,11.299151515151515,363,2018-01-01 01:00:00,2018-12-31 01:00:00,99.5
Wellington,Lower Hutt (Phil Evans Reserve),LAWA-100080,PM10,2019,11.70282920110193,363,2019-01-01 01:00:00,2019-12-31 01:00:00,99.5
Wellington,Lower Hutt (Phil Evans Reserve),LAWA-100080,PM10,2020,10.565361643835617,365,2020-01-01 01:00:00,2020-12-31 01:00:00,100.0
Wellington,Lower Hutt (Phil Evans Reserve),LAWA-100080,PM10,2021,10.72599715099715,351,2021-01-08 01:00:00,2021-12-31 01:00:00,96.2
Wellington,Lower Hutt (Phil Evans Reserve),LAWA-100080,PM10,2022,10.597291208791209,364,2022-01-01 01:00:00,2022-12-31 01:00:00,99.7
Wellington,Lower Hutt (Phil Evans Reserve),LAWA-100080,PM10,2023,10.414498630136986,365,2023-01-01 01:00:00,2023-12-31 01:00:00,100.0
Wellington,Lower Hutt (Phil Evans Reserve),LAWA-100080,PM10,2024,10.66960497237569,362,2024-01-01 01:00:00,2024-12-31 01:00:00,99.2
Wellington,Masterton West (Pownall Street),LAWA-100084,PM10,2016,13.953311614730879,353,2016-01-01 01:00:00,2016-12-31 01:00:00,96.7
Wellington,Masterton West (Pownall Street),LAWA-100084,PM10,2017,14.080112359550563,356,2017-01-01 01:00:00,2017-12-31 01:00:00,97.5
Wellington,Masterton West (Pownall Street),LAWA-100084,PM10,2018,14.171505555555557,360,2018-01-01 01:00:00,2018-12-31 01:00:00,98.6
Wellington,Masterton West (Pownall Street),LAWA-100084,PM10,2019,14.94320224719101,356,2019-01-01 01:00:00,2019-12-31 01:00:00,97.5
Wellington,Masterton West (Pownall Street),LAWA-100084,PM10,2020,14.151280555555557,360,2020-01-01 01:00:00,2020-12-31 01:00:00,98.6
Wellington,Masterton West (Pownall Street),LAWA-100084,PM10,2021,13.80099135446686,347,2021-01-01 01:00:00,2021-12-31 01:00:00,95.1
Wellington,Masterton West (Pownall Street),LAWA-100084,PM10,2022,12.76453698630137,365,2022-01-01 01:00:00,2022-12-31 01:00:00,100.0
Wellington,Masterton West (Pownall Street),LAWA-100084,PM10,2023,13.038011940298508,335,2023-01-01 01:00:00,2023-12-17 01:00:00,91.8
Wellington,Masterton West (Pownall Street),LAWA-100084,PM10,2024,14.250165680473371,338,2024-01-12 01:00:00,2024-12-31 01:00:00,92.6
Wellington,Masterton West (Pownall Street),LAWA-100084,PM2.5,2016,8.99770588235294,357,2016-01-01 01:00:00,2016-12-31 01:00:00,97.8
Wellington,Masterton West (Pownall Street),LAWA-100084,PM2.5,2017,10.307121546961326,362,2017-01-01 01:00:00,2017-12-31 01:00:00,99.2
Wellington,Masterton West (Pownall Street),LAWA-100084,PM2.5,2018,10.159985754985756,351,2018-01-01 01:00:00,2018-12-31 01:00:00,96.2
Wellington,Masterton West (Pownall Street),LAWA-100084,PM2.5,2019,11.254552706552706,351,2019-01-01 01:00:00,2019-12-31 01:00:00,96.2
Wellington,Masterton West (Pownall Street),LAWA-100084,PM2.5,2020,10.597455555555555,360,2020-01-01 01:00:00,2020-12-31 01:00:00,98.6
Wellington,Masterton West (Pownall Street),LAWA-100084,PM2.5,2021,9.983601671309192,359,2021-01-01 01:00:00,2021-12-31 01:00:00,98.4
Wellington,Masterton West (Pownall Street),LAWA-100084,PM2.5,2022,8.409633802816902,355,2022-01-01 01:00:00,2022-12-31 01:00:00,97.3
Wellington,Masterton West (Pownall Street),LAWA-100084,PM2.5,2023,9.037467261904762,336,2023-01-01 01:00:00,2023-12-17 01:00:00,92.1
Wellington,Masterton West (Pownall Street),LAWA-100084,PM2.5,2024,8.96635294117647,323,2024-01-12 01:00:00,2024-12-31 01:00:00,88.5
Wellington,Upper Hutt (Savage Park),LAWA-100132,PM10,2016,10.505633608815428,363,2016-01-01 01:00:00,2016-12-31 01:00:00,99.5
Wellington,Upper Hutt (Savage Park),LAWA-100132,PM10,2017,10.679393351800554,361,2017-01-01 01:00:00,2017-12-31 01:00:00,98.9
Wellington,Upper Hutt (Savage Park),LAWA-100132,PM10,2018,10.362863888888889,360,2018-01-01 01:00:00,2018-12-31 01:00:00,98.6
Wellington,Upper Hutt (Savage Park),LAWA-100132,PM10,2019,10.930804945054945,364,2019-01-01 01:00:00,2019-12-31 01:00:00,99.7
Wellington,Upper Hutt (Savage Park),LAWA-100132,PM10,2020,10.329763736263736,364,2020-01-01 01:00:00,2020-12-31 01:00:00,99.7
Wellington,Upper Hutt (Savage Park),LAWA-100132,PM10,2021,8.754983516483517,364,2021-01-01 01:00:00,2021-12-31 01:00:00,99.7
Wellington,Upper Hutt (Savage Park),LAWA-100132,PM10,2022,9.283860724233984,359,2022-01-01 01:00:00,2022-12-31 01:00:00,98.4
Wellington,Upper Hutt (Savage Park),LAWA-100132,PM10,2023,9.59831111111111,360,2023-01-01 01:00:00,2023-12-31 01:00:00,98.6
Wellington,Upper Hutt (Savage Park),LAWA-100132,PM10,2024,9.620969780219779,364,2024-01-01 01:00:00,2024-12-31 01:00:00,99.7
Wellington,Wainuiomata (Moohan Street),LAWA-100136,PM10,2016,10.661295580110497,362,2016-01-01 01:00:00,2016-12-31 01:00:00,99.2
Wellington,Wainuiomata (Moohan Street),LAWA-100136,PM10,2017,11.300786324786324,351,2017-01-01 01:00:00,2017-12-31 01:00:00,96.2
Wellington,Wainuiomata (Moohan Street),LAWA-100136,PM10,2018,10.89432782369146,363,2018-01-01 01:00:00,2018-12-31 01:00:00,99.5
Wellington,Wainuiomata (Moohan Street),LAWA-100136,PM10,2019,12.207665745856355,362,2019-01-01 01:00:00,2019-12-31 01:00:00,99.2
Wellington,Wainuiomata (Moohan Street),LAWA-100136,PM10,2020,11.449174887892378,223,2020-01-01 01:00:00,2020-08-16 00:00:00,61.1
Wellington,Wainuiomata (Moohan Street),LAWA-100136,PM10,2021,10.31353781512605,357,2021-01-07 01:00:00,2021-12-31 01:00:00,97.8
Wellington,Wainuiomata (Moohan Street),LAWA-100136,PM10,2022,9.360517906336089,363,2022-01-01 01:00:00,2022-12-31 01:00:00,99.5
Wellington,Wainuiomata (Moohan Street),LAWA-100136,PM10,2023,10.150531680440771,363,2023-01-01 01:00:00,2023-12-31 01:00:00,99.5
Wellington,Wainuiomata (Moohan Street),LAWA-100136,PM10,2024,10.660908333333333,360,2024-01-01 01:00:00,2024-12-31 01:00:00,98.6
Wellington,Wainuiomata (Moohan Street),LAWA-100136,PM2.5,2016,6.207236111111111,360,2016-01-01 01:00:00,2016-12-31 01:00:00,98.6
Wellington,Wainuiomata (Moohan Street),LAWA-100136,PM2.5,2017,6.628927170868347,357,2017-01-01 01:00:00,2017-12-31 01:00:00,97.8
Wellington,Wainuiomata (Moohan Street),LAWA-100136,PM2.5,2018,6.013461325966851,362,2018-01-01 01:00:00,2018-12-31 01:00:00,99.2
Wellington,Wainuiomata (Moohan Street),LAWA-100136,PM2.5,2019,6.43364738292011,363,2019-01-01 01:00:00,2019-12-31 01:00:00,99.5
Wellington,Wainuiomata (Moohan Street),LAWA-100136,PM2.5,2020,6.205019444444444,360,2020-01-01 01:00:00,2020-12-31 01:00:00,98.6
Wellington,Wainuiomata (Moohan Street),LAWA-100136,PM2.5,2021,5.74365564738292,363,2021-01-01 01:00:00,2021-12-31 01:00:00,99.5
Wellington,Wainuiomata (Moohan Street),LAWA-100136,PM2.5,2022,5.252125,360,2022-01-01 01:00:00,2022-12-31 01:00:00,98.6
Wellington,Wainuiomata (Moohan Street),LAWA-100136,PM2.5,2023,5.596967032967033,364,2023-01-01 01:00:00,2023-12-31 01:00:00,99.7
Wellington,Wainuiomata (Moohan Street),LAWA-100136,PM2.5,2024,5.5391593406593405,364,2024-01-01 01:00:00,2024-12-31 01:00:00,99.7
Wellington,Wellington Central (Willis Street),LAWA-100142,PM10,2016,11.37512101910828,314,2016-01-09 01:00:00,2016-12-31 01:00:00,86.0
Wellington,Wellington Central (Willis Street),LAWA-100142,PM10,2017,11.325873278236916,363,2017-01-01 01:00:00,2017-12-31 01:00:00,99.5
Wellington,Wellington Central (Willis Street),LAWA-100142,PM10,2018,12.44696153846154,364,2018-01-01 01:00:00,2018-12-31 01:00:00,99.7
Wellington,Wellington Central (Willis Street),LAWA-100142,PM10,2019,13.754344444444445,360,2019-01-01 01:00:00,2019-12-31 01:00:00,98.6
Wellington,Wellington Central (Willis Street),LAWA-100142,PM10,2020,12.59993093922652,362,2020-01-01 01:00:00,2020-12-31 01:00:00,99.2
Wellington,Wellington Central (Willis Street),LAWA-100142,PM10,2021,12.704787878787878,363,2021-01-01 01:00:00,2021-12-31 01:00:00,99.5
Wellington,Wellington Central (Willis Street),LAWA-100142,PM10,2022,12.323202739726028,365,2022-01-01 01:00:00,2022-12-31 01:00:00,100.0
Wellington,Wellington Central (Willis Street),LAWA-100142,PM10,2023,12.900935028248586,354,2023-01-01 01:00:00,2023-12-31 01:00:00,97.0
Wellington,Wellington Central (Willis Street),LAWA-100142,PM10,2024,13.155185595567866,361,2024-01-01 01:00:00,2024-12-31 01:00:00,98.9
Wellington,Wellington Central (Willis Street),LAWA-100142,PM2.5,2016,5.51981,300,2016-01-09 01:00:00,2016-12-30 01:00:00,82.2
Wellington,Wellington Central (Willis Street),LAWA-100142,PM2.5,2017,5.480114705882353,340,2017-01-05 01:00:00,2017-12-31 01:00:00,93.2
Wellington,Wellington Central (Willis Street),LAWA-100142,PM2.5,2018,5.649065868263473,334,2018-01-01 01:00:00,2018-12-31 01:00:00,91.5
Wellington,Wellington Central (Willis Street),LAWA-100142,PM2.5,2019,5.958038356164384,365,2019-01-01 01:00:00,2019-12-31 01:00:00,100.0
Wellington,Wellington Central (Willis Street),LAWA-100142,PM2.5,2020,5.4470716253443525,363,2020-01-01 01:00:00,2020-12-30 01:00:00,99.5
Wellington,Wellington Central (Willis Street),LAWA-100142,PM2.5,2021,5.518502747252747,364,2021-01-01 01:00:00,2021-12-31 01:00:00,99.7
Wellington,Wellington Central (Willis Street),LAWA-100142,PM2.5,2022,5.2763124999999995,352,2022-01-01 01:00:00,2022-12-31 01:00:00,96.4
Wellington,Wellington Central (Willis Street),LAWA-100142,PM2.5,2023,5.266988888888889,360,2023-01-01 01:00:00,2023-12-31 01:00:00,98.6
Wellington,Wellington Central (Willis Street),LAWA-100142,PM2.5,2024,5.481092696629213,356,2024-01-01 01:00:00,2024-12-31 01:00:00,97.5
West Coast,Reefton AQ @ Cnr Lucas St and Buller Rd,LAWA-104128,PM10,2016,14.819370078740157,254,2016-01-01 00:00:00,2016-09-24 00:00:00,69.6
West Coast,Reefton AQ @ Cnr Lucas St and Buller Rd,LAWA-104128,PM10,2024,14.822057613168726,243,2024-05-01 00:00:00,2024-12-31 00:00:00,66.6
West Coast,Reefton AQ at School Pool,LAWA-100116,PM10,2019,7.270965517241379,145,2019-08-09 00:00:00,2019-12-31 00:00:00,39.7
West Coast,Reefton AQ at School Pool,LAWA-100116,PM10,2020,10.184255952380951,336,2020-01-01 00:00:00,2020-12-26 00:00:00,92.1
West Coast,Reefton AQ at School Pool,LAWA-100116,PM10,2021,8.522507288629736,343,2021-01-12 00:00:00,2021-12-31 00:00:00,94.0
West Coast,Reefton AQ at School Pool,LAWA-100116,PM10,2022,7.825195195195195,333,2022-01-01 00:00:00,2022-12-31 00:00:00,91.2
West Coast,Reefton AQ at School Pool,LAWA-100116,PM10,2023,9.026027397260274,365,2023-01-01 00:00:00,2023-12-31 00:00:00,100.0
West Coast,Reefton AQ at School Pool,LAWA-100116,PM10,2024,8.59653005464481,366,2024-01-01 00:00:00,2024-12-31 00:00:00,100.3
West Coast,Reefton AQ at School Pool,LAWA-100116,PM2.5,2019,4.384206896551724,145,2019-08-09 00:00:00,2019-12-31 00:00:00,39.7
West Coast,Reefton AQ at School Pool,LAWA-100116,PM2.5,2020,7.061038575667657,337,2020-01-01 00:00:00,2020-12-26 00:00:00,92.3
West Coast,Reefton AQ at School Pool,LAWA-100116,PM2.5,2021,5.692740524781341,343,2021-01-12 00:00:00,2021-12-31 00:00:00,94.0
West Coast,Reefton AQ at School Pool,LAWA-100116,PM2.5,2022,4.873663663663664,333,2022-01-01 00:00:00,2022-12-31 00:00:00,91.2
West Coast,Reefton AQ at School Pool,LAWA-100116,PM2.5,2023,6.108027397260273,365,2023-01-01 00:00:00,2023-12-31 00:00:00,100.0
West Coast,Reefton AQ at School Pool,LAWA-100116,PM2.5,2024,5.718060109289618,366,2024-01-01 00:00:00,2024-12-31 00:00:00,100.3
